place_id,place_name,district,province_or_city,latitude,longitude,category,interest_tags,cost_level,estimated_duration,indoor_outdoor,contact,review_count,popularity_level,hidden_gem_score,source,last_updated
inzira_281371294,Mvenpick Kigali,Nyarugenge,Kigali City,-1.946264,30.0920643,Lodging,"accommodation, wifi",Expensive,Overnight,Indoor,Phone: 0796 893 000 | Website: https://all.accor.com/hotel/C0M5/index.en.shtml?goto=fiche_hotel&code_hotel=C0M5&merchantid=seo-maps-RW-C0M5&sourceid=aw-cen&utm_medium=seo%20maps&utm_source=google%20Maps&utm_campaign=seo%20maps,unknown,Medium,5,OpenStreetMap,2026-06-09
inzira_281372790,Htel Faucon,Huye,Southern Province,-2.6012009,29.7421504,Lodging,accommodation,Expensive,Overnight,Indoor,unknown,unknown,Low,9,OpenStreetMap,2026-06-09
inzira_281375309,Stipp Hotel,Nyarugenge,Kigali City,-1.9599921,30.0682894,Lodging,accommodation,Expensive,Overnight,Indoor,unknown,unknown,Medium,5,OpenStreetMap,2026-06-09
inzira_281375390,ORTPN,Nyarugenge,Kigali City,-1.946789,30.060917,Attraction,explore,unknown,unknown,Mixed,unknown,unknown,Low,5,OpenStreetMap,2026-06-09
inzira_281375434,Kyonza,Kayonza,Eastern Province,-1.8786152,30.7035299,Attraction,explore,unknown,unknown,Mixed,unknown,unknown,Low,9,OpenStreetMap,2026-06-09
inzira_317420059,Cafe de Nyamata,Bugesera,Eastern Province,-2.1448728,30.0910423,Lodging,accommodation,Moderate,Overnight,Indoor,unknown,unknown,Low,9,OpenStreetMap,2026-06-09
inzira_317544049,Centre Bethanie,Karongi,Western Province,-2.0593498,29.3375948,Lodging,"accommodation, wifi",Expensive,Overnight,Indoor,unknown,unknown,Low,9,OpenStreetMap,2026-06-09
inzira_317544050,Camping Bethanie,Karongi,Western Province,-2.0593051,29.3380179,Lodging,accommodation,Moderate,Overnight,Indoor,unknown,unknown,Low,9,OpenStreetMap,2026-06-09
inzira_317544066,Moriah Hill Hotel,Karongi,Western Province,-2.0595561,29.3316847,Lodging,accommodation,Expensive,Overnight,Indoor,unknown,unknown,Low,9,OpenStreetMap,2026-06-09
inzira_317581789,Stipphotel,Rubavu,Western Province,-1.6974105,29.252128,Lodging,accommodation,Expensive,Overnight,Indoor,unknown,unknown,Low,9,OpenStreetMap,2026-06-09
inzira_317581796,Lake View Hotel,Rubavu,Western Province,-1.6974355,29.2466058,Lodging,accommodation,Expensive,Overnight,Indoor,unknown,unknown,Low,9,OpenStreetMap,2026-06-09
inzira_317581817,La Corniche,Rubavu,Western Province,-1.695522,29.2515366,Lodging,accommodation,Moderate,Overnight,Indoor,unknown,unknown,Low,9,OpenStreetMap,2026-06-09
inzira_317581894,Lake View Guesthouse,Rubavu,Western Province,-1.6966095,29.2567498,Lodging,accommodation,Moderate,Overnight,Indoor,unknown,unknown,Low,9,OpenStreetMap,2026-06-09
inzira_317706751,Sky Hotel,Nyarugenge,Kigali City,-1.9528484,30.0574064,Lodging,accommodation,Expensive,Overnight,Indoor,unknown,unknown,Low,5,OpenStreetMap,2026-06-09
inzira_391474504,Montana Vista Hotel,Burera,Northern Province,-1.379493,29.7457374,Lodging,accommodation,Expensive,Overnight,Indoor,unknown,unknown,Low,9,OpenStreetMap,2026-06-09
inzira_435448836,King's Palace Museum,Nyanza,Southern Province,-2.3602205,29.7393582,Cultural & Historic,"history, culture",Moderate,2-3 hours,Mixed,unknown,unknown,Low,10,OpenStreetMap,2026-06-09
inzira_435804092,Htel Musanto Gisenyi,Rubavu,Western Province,-1.7071778,29.264889,Lodging,"accommodation, wifi",Expensive,Overnight,Indoor,Email: hotelmusanto@yahoo.fr,unknown,Low,9,OpenStreetMap,2026-06-09
inzira_435897185,Htel Beaux Arts,Huye,Southern Province,-2.6037236,29.7396974,Lodging,accommodation,Expensive,Overnight,Indoor,unknown,unknown,Low,9,OpenStreetMap,2026-06-09
inzira_435932751,Kinigi Guest House,Musanze,Northern Province,-1.4326891,29.5979775,Lodging,accommodation,Expensive,Overnight,Indoor,unknown,unknown,Low,9,OpenStreetMap,2026-06-09
inzira_706263165,Sun City Hotel,Nyarugenge,Kigali City,-1.9794787,30.0401562,Lodging,accommodation,Expensive,Overnight,Indoor,unknown,unknown,Low,5,OpenStreetMap,2026-06-09
inzira_710268304,Rainbow Hotel,Kicukiro,Kigali City,-1.9736966,30.106565,Lodging,accommodation,Expensive,Overnight,Indoor,unknown,unknown,Low,5,OpenStreetMap,2026-06-09
inzira_1305653363,Step Town Motel,Nyarugenge,Kigali City,-1.9411967,30.0652083,Lodging,accommodation,Expensive,Overnight,Indoor,unknown,unknown,Low,5,OpenStreetMap,2026-06-09
inzira_1396063464,Kwamukecuru Parking 2KM,Musanze,Northern Province,-1.4612462,29.5241727,Attraction,explore,unknown,unknown,Mixed,unknown,unknown,Low,9,OpenStreetMap,2026-06-09
inzira_1545946610,St. Paul - Centre National de Pastorale,Nyarugenge,Kigali City,-1.9434288,30.0646023,Lodging,accommodation,Expensive,Overnight,Indoor,unknown,unknown,Low,5,OpenStreetMap,2026-06-09
inzira_1709624047,Golf Eden Rock,Karongi,Western Province,-2.0617198,29.3476612,Lodging,"accommodation, wifi",Expensive,Overnight,Indoor,unknown,unknown,Low,9,OpenStreetMap,2026-06-09
inzira_1729356019,Hotel des Pyrnes,Nyarugenge,Kigali City,-1.9053022,30.0429005,Lodging,accommodation,Expensive,Overnight,Indoor,unknown,unknown,Low,5,OpenStreetMap,2026-06-09
inzira_1731068609,St Vincent,Huye,Southern Province,-2.5911052,29.748151,Lodging,accommodation,Expensive,Overnight,Indoor,unknown,unknown,Low,9,OpenStreetMap,2026-06-09
inzira_1732613950,Home St Jean,Karongi,Western Province,-2.0673715,29.3570756,Lodging,"accommodation, wifi",Moderate,Overnight,Indoor,unknown,unknown,Medium,9,OpenStreetMap,2026-06-09
inzira_1833128746,Hotel Barthos,Huye,Southern Province,-2.6137471,29.7388843,Lodging,accommodation,Expensive,Overnight,Indoor,Website: http://barthoshotellive.blogspot.com/,unknown,Medium,9,OpenStreetMap,2026-06-09
inzira_1839800020,Prima 2000,Nyarugenge,Kigali City,-1.9450025,30.0889784,Lodging,"accommodation, accessible",Expensive,Overnight,Indoor,unknown,unknown,Low,5,OpenStreetMap,2026-06-09
inzira_1841477509,Golden Hills Hotel,Nyarugenge,Kigali City,-1.9523711,30.0604224,Lodging,accommodation,Expensive,Overnight,Indoor,unknown,unknown,Low,5,OpenStreetMap,2026-06-09
inzira_1841515313,Land Start Hotel,Kicukiro,Kigali City,-1.9585287,30.1110243,Lodging,accommodation,Expensive,Overnight,Indoor,unknown,unknown,Low,5,OpenStreetMap,2026-06-09
inzira_1841529197,Kigali Diplomat Hotel,Kicukiro,Kigali City,-1.9529765,30.0966048,Lodging,accommodation,Expensive,Overnight,Indoor,unknown,unknown,Low,5,OpenStreetMap,2026-06-09
inzira_1841530820,Serena Hotel,Nyarugenge,Kigali City,-1.9562469,30.0626615,Lodging,accommodation,Expensive,Overnight,Indoor,unknown,unknown,Low,5,OpenStreetMap,2026-06-09
inzira_1841552629,Select Boutique Hotel,Kicukiro,Kigali City,-1.9508748,30.0984072,Lodging,accommodation,Expensive,Overnight,Indoor,unknown,unknown,Medium,5,OpenStreetMap,2026-06-09
inzira_2104038854,La Vedette,Nyarugenge,Kigali City,-1.9738758,30.054023,Lodging,accommodation,Expensive,Overnight,Indoor,unknown,unknown,Low,5,OpenStreetMap,2026-06-09
inzira_2141002514,Volcanoes Hotel,Musanze,Northern Province,-1.5007507,29.6321173,Lodging,"accommodation, wifi",Expensive,Overnight,Indoor,Phone: +250 252 546700 | Website: https://www.gorillashotels.com/ | Email: reservation@gorillashotels.com,unknown,Medium,9,OpenStreetMap,2026-06-09
inzira_2148723163,Home Inn Hotel,Musanze,Northern Province,-1.5036874,29.6304134,Lodging,accommodation,Expensive,Overnight,Indoor,unknown,unknown,Low,9,OpenStreetMap,2026-06-09
inzira_2148723164,La Palme Hotel,Musanze,Northern Province,-1.4994939,29.6309398,Lodging,accommodation,Expensive,Overnight,Indoor,Phone: +250 252 546428 | Website: https://www.lapalmehotel.net/ | Email: frontdesk@lapalmehotel.net,unknown,Medium,9,OpenStreetMap,2026-06-09
inzira_2148723166,Hotel Muhabura,Musanze,Northern Province,-1.5001733,29.6327104,Lodging,"accommodation, wifi",Expensive,Overnight,Indoor,Phone: +250 788 364774 | Website: http://www.muhaburahotel.com/,unknown,Medium,9,OpenStreetMap,2026-06-09
inzira_2168880742,Htel Luxury,Gasabo,Kigali City,-1.9359527,30.1322202,Lodging,accommodation,Expensive,Overnight,Indoor,unknown,unknown,Low,5,OpenStreetMap,2026-06-09
inzira_2168895916,Htel Woodland,Gasabo,Kigali City,-1.9424722,30.1298225,Lodging,accommodation,Expensive,Overnight,Indoor,unknown,unknown,Low,5,OpenStreetMap,2026-06-09
inzira_2238083863,Civitas Hotel,Kicukiro,Kigali City,-1.96044,30.109147,Lodging,accommodation,Expensive,Overnight,Indoor,unknown,unknown,Low,5,OpenStreetMap,2026-06-09
inzira_2295573617,Uwinka Visitors Center,Nyamasheke,Western Province,-2.4783619,29.1998942,Attraction,explore,unknown,unknown,Mixed,Website: http://www.rwandatourism.com/index.php/uwinka-visitor-center,unknown,Medium,9,OpenStreetMap,2026-06-09
inzira_2316992365,Mutumba Hills,Gatsibo,Eastern Province,-1.6018657,30.6461014,Lodging,accommodation,Moderate,Overnight,Indoor,unknown,unknown,Low,9,OpenStreetMap,2026-06-09
inzira_2317062327,Nyungwe Ranger Post,Gatsibo,Eastern Province,-1.4437391,30.5467728,Attraction,explore,unknown,unknown,Mixed,unknown,unknown,Low,9,OpenStreetMap,2026-06-09
inzira_2317062328,Ruzizi Tented Lodge,Kayonza,Eastern Province,-1.90655,30.7170713,Lodging,accommodation,Expensive,Overnight,Indoor,unknown,unknown,Low,9,OpenStreetMap,2026-06-09
inzira_2317062329,Shakani,Kayonza,Eastern Province,-1.8716912,30.7446515,Lodging,accommodation,Moderate,Overnight,Indoor,unknown,unknown,Low,9,OpenStreetMap,2026-06-09
inzira_2317169309,Kajumbura Lookout,Gatsibo,Eastern Province,-1.5499057,30.6650068,Scenic Viewpoints,viewpoint,Budget,30-60 mins,Outdoor,unknown,unknown,Low,10,OpenStreetMap,2026-06-09
inzira_2327871216,Hotel Credo,Huye,Southern Province,-2.6092168,29.7371543,Lodging,accommodation,Expensive,Overnight,Indoor,unknown,unknown,Low,9,OpenStreetMap,2026-06-09
inzira_2342352466,Avega Guest House,Rwamagana,Eastern Province,-1.9477617,30.442456,Lodging,accommodation,Moderate,Overnight,Indoor,unknown,unknown,Low,9,OpenStreetMap,2026-06-09
inzira_2364349248,Muhazi Beach Hotel,Rwamagana,Eastern Province,-1.8620217,30.4266433,Lodging,accommodation,Expensive,Overnight,Indoor,unknown,unknown,Low,9,OpenStreetMap,2026-06-09
inzira_2431138134,Red Rocks Guesthouse,Musanze,Northern Province,-1.56087,29.636526,Lodging,"accommodation, wifi",Moderate,Overnight,Indoor,unknown,unknown,Low,9,OpenStreetMap,2026-06-09
inzira_2451865981,Procure,Huye,Southern Province,-2.6056259,29.7439209,Lodging,accommodation,Moderate,Overnight,Indoor,unknown,unknown,Low,9,OpenStreetMap,2026-06-09
inzira_2498226575,Bweya,Gatsibo,Eastern Province,-1.683879,30.7069232,Lodging,accommodation,Moderate,Overnight,Indoor,unknown,unknown,Low,9,OpenStreetMap,2026-06-09
inzira_2498226596,Muyumbu,Kayonza,Eastern Province,-1.8497903,30.7210128,Lodging,accommodation,Moderate,Overnight,Indoor,unknown,unknown,Low,9,OpenStreetMap,2026-06-09
inzira_2498226603,Nyungwe Office,Gatsibo,Eastern Province,-1.4464474,30.5462864,Attraction,explore,unknown,unknown,Mixed,unknown,unknown,Low,9,OpenStreetMap,2026-06-09
inzira_2521161682,Peace Guest House,Rusizi,Western Province,-2.4702116,28.9004717,Lodging,accommodation,Moderate,Overnight,Indoor,unknown,unknown,Low,9,OpenStreetMap,2026-06-09
inzira_2631253377,Golf Hills Residence,Gasabo,Kigali City,-1.9266583,30.094745,Lodging,accommodation,Expensive,Overnight,Indoor,unknown,unknown,Medium,5,OpenStreetMap,2026-06-09
inzira_2653373175,Cormoran Lodge,Karongi,Western Province,-2.0520479,29.3433408,Lodging,accommodation,Expensive,Overnight,Indoor,unknown,unknown,Low,9,OpenStreetMap,2026-06-09
inzira_2661148391,Karisoke Research Centre,Musanze,Northern Province,-1.4739956,29.4872168,Attraction,explore,unknown,unknown,Mixed,unknown,unknown,Low,9,OpenStreetMap,2026-06-09
inzira_2661148393,Nr. 12 - Diane Fossey Room,Musanze,Northern Province,-1.4998221,29.6328752,Attraction,explore,unknown,unknown,Mixed,unknown,unknown,Low,9,OpenStreetMap,2026-06-09
inzira_2661163398,Dian Fossey Grave,Musanze,Northern Province,-1.4732672,29.4846155,Attraction,explore,unknown,unknown,Mixed,unknown,unknown,Low,9,OpenStreetMap,2026-06-09
inzira_2686157825,Kandt House Museum of Natural History,Nyarugenge,Kigali City,-1.94668,30.0535269,Cultural & Historic,"history, culture",Moderate,2-3 hours,Mixed,unknown,unknown,Medium,5,OpenStreetMap,2026-06-09
inzira_2996533396,TRCompanion I B&B,Nyarugenge,Kigali City,-1.9368888,30.0889513,Lodging,accommodation,Moderate,Overnight,Indoor,unknown,unknown,Low,5,OpenStreetMap,2026-06-09
inzira_3134444194,Auberge La Caverne,Nyarugenge,Kigali City,-1.9395927,30.0611152,Lodging,accommodation,Expensive,Overnight,Indoor,unknown,unknown,Low,5,OpenStreetMap,2026-06-09
inzira_3134446038,Hope Guesthouse,Nyarugenge,Kigali City,-1.9427606,30.0429507,Lodging,accommodation,Moderate,Overnight,Indoor,unknown,unknown,Low,5,OpenStreetMap,2026-06-09
inzira_3182439086,Gisakura Guesthouse,Rusizi,Western Province,-2.4401035,29.0925168,Lodging,accommodation,Expensive,Overnight,Indoor,unknown,unknown,Low,9,OpenStreetMap,2026-06-09
inzira_3182480600,Kinunu basecamp,Rutsiro,Western Province,-1.9045356,29.2798863,Lodging,accommodation,Moderate,Overnight,Indoor,Phone: +250788363466 | Website: https://kinunuwonders.rw/,unknown,Medium,9,OpenStreetMap,2026-06-09
inzira_3182503394,Ishara Beach Motel,Nyamasheke,Western Province,-2.3343727,29.1088327,Lodging,accommodation,Moderate,Overnight,Indoor,unknown,unknown,Low,9,OpenStreetMap,2026-06-09
inzira_3182503470,l esperance,Karongi,Western Province,-2.1682061,29.2860587,Lodging,accommodation,Moderate,Overnight,Indoor,unknown,unknown,Low,9,OpenStreetMap,2026-06-09
inzira_3182512553,Htel de Chutes,Rusizi,Western Province,-2.4900043,28.8946259,Lodging,accommodation,Expensive,Overnight,Indoor,unknown,unknown,Low,9,OpenStreetMap,2026-06-09
inzira_3212675448,La Bella Lodge,Rubavu,Western Province,-1.731541,29.2627459,Lodging,accommodation,Expensive,Overnight,Indoor,unknown,unknown,Low,9,OpenStreetMap,2026-06-09
inzira_3212675449,La Bella campsite,Rubavu,Western Province,-1.7317282,29.2624507,Lodging,accommodation,Moderate,Overnight,Indoor,unknown,unknown,Low,9,OpenStreetMap,2026-06-09
inzira_3212735284,Iwawe Hotel,Nyarugenge,Kigali City,-1.9431048,30.0868109,Lodging,accommodation,Expensive,Overnight,Indoor,Phone: +250 733 304 142 | Website: https://www.iwawehotel.com/ | Email: reservations@iwawehotel.com,unknown,Medium,5,OpenStreetMap,2026-06-09
inzira_3256805711,Umbrella Pine Guesthouse,Ngoma,Eastern Province,-2.13823,30.5586109,Lodging,accommodation,Expensive,Overnight,Indoor,unknown,unknown,Low,9,OpenStreetMap,2026-06-09
inzira_3256871493,Holiday Hotel,Karongi,Western Province,-2.0550374,29.3461874,Lodging,accommodation,Expensive,Overnight,Indoor,unknown,unknown,Low,9,OpenStreetMap,2026-06-09
inzira_3256888236,Uwinka Campsite,Nyamasheke,Western Province,-2.4778626,29.1998587,Lodging,accommodation,Moderate,Overnight,Indoor,unknown,unknown,Low,9,OpenStreetMap,2026-06-09
inzira_3268707857,Unwinka Visitor's Centre,Nyamasheke,Western Province,-2.4766315,29.1994079,Lodging,accommodation,Moderate,Overnight,Indoor,unknown,unknown,Low,9,OpenStreetMap,2026-06-09
inzira_3359613463,Virunga Hotel,Musanze,Northern Province,-1.5082221,29.6428217,Lodging,accommodation,Expensive,Overnight,Indoor,unknown,unknown,Low,9,OpenStreetMap,2026-06-09
inzira_3662009740,Akagera Park Welcome Centre,Kayonza,Eastern Province,-1.8788142,30.7034519,Attraction,explore,unknown,unknown,Mixed,unknown,unknown,Low,9,OpenStreetMap,2026-06-09
inzira_3799192300,Five Volcanoes Boutique Hotel,Musanze,Northern Province,-1.4726955,29.6210199,Lodging,accommodation,Expensive,Overnight,Indoor,Website: https://www.fivevolcanoesrwanda.com/,unknown,Medium,9,OpenStreetMap,2026-06-09
inzira_3826920358,Grand Jardin,Muhanga,Southern Province,-2.0677459,29.7908654,Lodging,accommodation,Moderate,Overnight,Indoor,unknown,unknown,Low,9,OpenStreetMap,2026-06-09
inzira_3828421372,Le Bambou Gorillas Lodge,Musanze,Northern Province,-1.4429472,29.5866918,Lodging,accommodation,Expensive,Overnight,Indoor,unknown,unknown,Low,9,OpenStreetMap,2026-06-09
inzira_3828421377,Mountain Gorilla Nest,Musanze,Northern Province,-1.442261,29.579225,Lodging,accommodation,Expensive,Overnight,Indoor,unknown,unknown,Low,9,OpenStreetMap,2026-06-09
inzira_3828421378,La Palloitte Gorilla Place,Musanze,Northern Province,-1.449254,29.589396,Lodging,accommodation,Expensive,Overnight,Indoor,unknown,unknown,Low,9,OpenStreetMap,2026-06-09
inzira_3832091957,Iris Guest House,Nyarugenge,Kigali City,-1.9475141,30.0669083,Lodging,accommodation,Moderate,Overnight,Indoor,unknown,unknown,Low,5,OpenStreetMap,2026-06-09
inzira_3833186095,Shalom Guest House,Huye,Southern Province,-2.6071094,29.7390007,Lodging,accommodation,Moderate,Overnight,Indoor,unknown,unknown,Low,9,OpenStreetMap,2026-06-09
inzira_3860543619,Discover Rwanda Ecolodge,Kayonza,Eastern Province,-1.9199625,30.4952245,Lodging,"accommodation, wifi",Moderate,Overnight,Indoor,Phone: +250 (0) 788746598,unknown,Medium,9,OpenStreetMap,2026-06-09
inzira_3860728819,Discover Rwanda,Rubavu,Western Province,-1.7022347,29.2584138,Lodging,accommodation,Moderate,Overnight,Indoor,unknown,unknown,Low,9,OpenStreetMap,2026-06-09
inzira_3928322238,Malahide Paradise,Rubavu,Western Province,-1.7337008,29.2733918,Lodging,accommodation,Expensive,Overnight,Indoor,unknown,unknown,Low,9,OpenStreetMap,2026-06-09
inzira_3928343341,Inzu Lodge,Rubavu,Western Province,-1.7300278,29.2655556,Lodging,"accommodation, wifi",Expensive,Overnight,Indoor,unknown,unknown,Medium,9,OpenStreetMap,2026-06-09
inzira_3928343342,Palm Garden Resort,Rubavu,Western Province,-1.7310313,29.266969,Lodging,accommodation,Expensive,Overnight,Indoor,unknown,unknown,Low,9,OpenStreetMap,2026-06-09
inzira_3928351368,Inzozi,Rubavu,Western Province,-1.7310758,29.2649894,Lodging,accommodation,Expensive,Overnight,Indoor,unknown,unknown,Low,9,OpenStreetMap,2026-06-09
inzira_3928409199,Rwiza Village Guest House,Karongi,Western Province,-2.0753632,29.3220348,Lodging,accommodation,Expensive,Overnight,Indoor,unknown,unknown,Low,9,OpenStreetMap,2026-06-09
inzira_3928434583,Rushel Kivu Lodge,Rutsiro,Western Province,-1.9058512,29.2837629,Lodging,"accommodation, wifi",Expensive,Overnight,Indoor,Website: https://rushelkivu.wixsite.com/home,unknown,Medium,9,OpenStreetMap,2026-06-09
inzira_3928434894,Musasa basecamp,Rutsiro,Western Province,-1.945828,29.32638,Lodging,accommodation,Expensive,Overnight,Indoor,unknown,unknown,Low,9,OpenStreetMap,2026-06-09
inzira_3928444039,Gisakura Ranger Station,Rusizi,Western Province,-2.4405863,29.092278,Attraction,explore,unknown,unknown,Mixed,unknown,unknown,Low,9,OpenStreetMap,2026-06-09
inzira_3928447745,Golden Monkey Hotel,Huye,Southern Province,-2.4721022,29.581463,Lodging,accommodation,Expensive,Overnight,Indoor,unknown,unknown,Low,9,OpenStreetMap,2026-06-09
inzira_4151748194,National police college head office,Musanze,Northern Province,-1.5069139,29.6388821,Lodging,accommodation,Expensive,Overnight,Indoor,unknown,unknown,Low,9,OpenStreetMap,2026-06-09
inzira_4151780726,Best View Hotel,Musanze,Northern Province,-1.5004439,29.6294083,Lodging,accommodation,Expensive,Overnight,Indoor,unknown,unknown,Low,9,OpenStreetMap,2026-06-09
inzira_4154229089,Cyimbiri basecamp,Rubavu,Western Province,-1.8294253,29.2906907,Lodging,accommodation,Moderate,Overnight,Indoor,unknown,unknown,Low,9,OpenStreetMap,2026-06-09
inzira_4156136410,Auberge De Gisenyi,Rubavu,Western Province,-1.6949717,29.2604996,Lodging,accommodation,Expensive,Overnight,Indoor,unknown,unknown,Low,9,OpenStreetMap,2026-06-09
inzira_4169751889,Inkuru Nziza,Nyarugenge,Kigali City,-1.9480509,30.0585774,Lodging,accommodation,Moderate,Overnight,Indoor,unknown,unknown,Low,5,OpenStreetMap,2026-06-09
inzira_4298589891,Motel Eden Garden,Huye,Southern Province,-2.6043082,29.7398631,Lodging,accommodation,Expensive,Overnight,Indoor,unknown,unknown,Low,9,OpenStreetMap,2026-06-09
inzira_4338448791,Gikondo Expo Ground,Kicukiro,Kigali City,-1.9768665,30.0868435,Attraction,explore,unknown,unknown,Mixed,unknown,unknown,Low,5,OpenStreetMap,2026-06-09
inzira_4340931292,Sabyinyo Silverback Lodge,Musanze,Northern Province,-1.4166161,29.5702848,Lodging,accommodation,Expensive,Overnight,Indoor,unknown,unknown,Low,9,OpenStreetMap,2026-06-09
inzira_4396236908,Foyer de Charit,Musanze,Northern Province,-1.5268853,29.7215358,Lodging,accommodation,Moderate,Overnight,Indoor,unknown,unknown,Low,9,OpenStreetMap,2026-06-09
inzira_4396263399,Ruhondo Beach Resort,Burera,Northern Province,-1.494467,29.7422918,Lodging,accommodation,Expensive,Overnight,Indoor,unknown,unknown,Medium,9,OpenStreetMap,2026-06-09
inzira_4440589892,Nyamirambo Women's Centre,Nyarugenge,Kigali City,-1.9648832,30.0627642,Attraction,explore,unknown,unknown,Mixed,Phone: +250 782 111 860 | Website: https://www.nwc-umutima.org/ | Email: nwcoffice.kigali@gmail.com,unknown,Medium,5,OpenStreetMap,2026-06-09
inzira_4511774367,Lemigo Hotel,Kicukiro,Kigali City,-1.955345,30.0976413,Lodging,accommodation,Expensive,Overnight,Indoor,unknown,unknown,Low,5,OpenStreetMap,2026-06-09
inzira_4518635347,La Palisse Hotels Nyamata,Bugesera,Eastern Province,-2.1391118,30.0745137,Lodging,accommodation,Expensive,Overnight,Indoor,Website: https://lapalissehotels.co.rw,unknown,Medium,9,OpenStreetMap,2026-06-09
inzira_4574953291,Kagogo Sector Office,Burera,Northern Province,-1.3846489,29.7788585,Attraction,explore,unknown,unknown,Mixed,unknown,unknown,Low,9,OpenStreetMap,2026-06-09
inzira_4574955700,Musangabo viewpoint,Burera,Northern Province,-1.389989,29.7737121,Scenic Viewpoints,viewpoint,Budget,30-60 mins,Outdoor,unknown,unknown,Low,10,OpenStreetMap,2026-06-09
inzira_4574962002,Agaciro Lodge,Burera,Northern Province,-1.4178647,29.8365304,Lodging,accommodation,Moderate,Overnight,Indoor,unknown,unknown,Low,9,OpenStreetMap,2026-06-09
inzira_4575249002,SportView Hotel in Kicukiro,Kicukiro,Kigali City,-1.9896571,30.1007822,Lodging,accommodation,Expensive,Overnight,Indoor,unknown,unknown,Low,5,OpenStreetMap,2026-06-09
inzira_4576325192,Elite motel,Kicukiro,Kigali City,-1.9591408,30.1124122,Lodging,accommodation,Expensive,Overnight,Indoor,unknown,unknown,Low,5,OpenStreetMap,2026-06-09
inzira_4576393589,Elite Hotel Rwanda,Kicukiro,Kigali City,-1.9594043,30.1126393,Lodging,accommodation,Expensive,Overnight,Indoor,unknown,unknown,Low,5,OpenStreetMap,2026-06-09
inzira_4577152593,Paradise Medal,Burera,Northern Province,-1.4943219,29.8330574,Lodging,accommodation,Moderate,Overnight,Indoor,unknown,unknown,Low,9,OpenStreetMap,2026-06-09
inzira_4589127696,Maison St. Benot,Rubavu,Western Province,-1.7491464,29.2770403,Lodging,accommodation,Moderate,Overnight,Indoor,unknown,unknown,Low,9,OpenStreetMap,2026-06-09
inzira_4591731473,Tea House B&B,Kicukiro,Kigali City,-1.9566273,30.1237932,Lodging,accommodation,Moderate,Overnight,Indoor,Phone: +250782181209 | Website: https://www.bnbteahousekigali.com/,unknown,Medium,5,OpenStreetMap,2026-06-09
inzira_4599903561,Domicile Saint Franois,Rusizi,Western Province,-2.4922657,28.8932266,Lodging,accommodation,Expensive,Overnight,Indoor,unknown,unknown,Low,9,OpenStreetMap,2026-06-09
inzira_4635137192,Faustin,Kicukiro,Kigali City,-1.9628964,30.1083941,Lodging,accommodation,Moderate,Overnight,Indoor,unknown,unknown,Low,5,OpenStreetMap,2026-06-09
inzira_4663113704,AGS Country Club,Gasabo,Kigali City,-1.8305322,30.2045565,Lodging,accommodation,Expensive,Overnight,Indoor,unknown,unknown,Low,5,OpenStreetMap,2026-06-09
inzira_4676560589,Htel Beausjour,Kicukiro,Kigali City,-1.9581221,30.1046633,Lodging,accommodation,Expensive,Overnight,Indoor,unknown,unknown,Low,5,OpenStreetMap,2026-06-09
inzira_4685309289,SGM Shan-Grilla Motel,Kicukiro,Kigali City,-1.9593295,30.1414237,Lodging,accommodation,Moderate,Overnight,Indoor,unknown,unknown,Low,5,OpenStreetMap,2026-06-09
inzira_4698611990,Norbi's viewpoint Kibuye,Karongi,Western Province,-2.0641381,29.351253,Scenic Viewpoints,viewpoint,Budget,30-60 mins,Outdoor,unknown,unknown,Low,10,OpenStreetMap,2026-06-09
inzira_4703050622,Napoleon Island's peak,Rutsiro,Western Province,-2.0175684,29.3083693,Scenic Viewpoints,viewpoint,Budget,30-60 mins,Outdoor,unknown,unknown,Low,10,OpenStreetMap,2026-06-09
inzira_4794834525,Shelter and potential campsite,Karongi,Western Province,-2.1363339,29.3751689,Lodging,accommodation,Moderate,Overnight,Indoor,unknown,unknown,Low,9,OpenStreetMap,2026-06-09
inzira_4795161326,Potential campsite,Karongi,Western Province,-2.1981808,29.3500726,Lodging,accommodation,Moderate,Overnight,Indoor,unknown,unknown,Low,9,OpenStreetMap,2026-06-09
inzira_4796384621,Gisovu Tea Estate Guesthouse,Karongi,Western Province,-2.2681521,29.3425797,Lodging,accommodation,Moderate,Overnight,Indoor,unknown,unknown,Low,9,OpenStreetMap,2026-06-09
inzira_4796674221,KCCEM Guesthouse,Nyaruguru,Southern Province,-2.5292863,29.4178204,Lodging,accommodation,Moderate,Overnight,Indoor,unknown,unknown,Low,9,OpenStreetMap,2026-06-09
inzira_4825343723,Sind Grard Urwibutso Enterprises guest house,Gakenke,Northern Province,-1.6629171,29.8872867,Lodging,accommodation,Moderate,Overnight,Indoor,unknown,unknown,Low,9,OpenStreetMap,2026-06-09
inzira_4826857221,View of Nyabarongo and Mukungwe river,Gakenke,Northern Province,-1.7169434,29.7065173,Scenic Viewpoints,viewpoint,Budget,30-60 mins,Outdoor,unknown,unknown,Low,10,OpenStreetMap,2026-06-09
inzira_4922202021,Banda Community Campsite,Nyamasheke,Western Province,-2.4511633,29.2147313,Lodging,accommodation,Moderate,Overnight,Indoor,unknown,unknown,Low,9,OpenStreetMap,2026-06-09
inzira_4929264122,Hope Guest House,Nyarugenge,Kigali City,-1.9425837,30.0433353,Lodging,"accommodation, wifi",Expensive,Overnight,Indoor,Phone: 0783878872,unknown,Medium,5,OpenStreetMap,2026-06-09
inzira_4971840521,NSTC,Kicukiro,Kigali City,-1.944388,30.1018913,Lodging,accommodation,Expensive,Overnight,Indoor,unknown,unknown,Low,5,OpenStreetMap,2026-06-09
inzira_5001587323,Light & Spacious Haven,Nyarugenge,Kigali City,-1.9460787,30.0890656,Lodging,"accommodation, wifi",Moderate,Overnight,Indoor,unknown,unknown,Low,5,OpenStreetMap,2026-06-09
inzira_5025716914,Smart inn,Nyarugenge,Kigali City,-1.9406894,30.0616486,Lodging,accommodation,Moderate,Overnight,Indoor,unknown,unknown,Low,5,OpenStreetMap,2026-06-09
inzira_5030550316,Mu Gisaza lodge,Huye,Southern Province,-2.602912,29.7408465,Lodging,accommodation,Moderate,Overnight,Indoor,unknown,unknown,Low,9,OpenStreetMap,2026-06-09
inzira_5033988283,Casa hotel,Huye,Southern Province,-2.6052852,29.7407478,Lodging,accommodation,Expensive,Overnight,Indoor,Website: http://www.casahotel.rw/,unknown,Medium,9,OpenStreetMap,2026-06-09
inzira_5206288226,Motley Healthcare ltd,Nyarugenge,Kigali City,-1.939398,30.0590469,Attraction,explore,unknown,unknown,Mixed,unknown,unknown,Low,5,OpenStreetMap,2026-06-09
inzira_5211701223,Boat Lake Nyagafunzo,Gicumbi,Northern Province,-1.574523,29.9859283,Scenic Viewpoints,viewpoint,Budget,30-60 mins,Outdoor,unknown,unknown,Low,10,OpenStreetMap,2026-06-09
inzira_5218147922,Bird Watchtower,Gicumbi,Northern Province,-1.5844097,29.9793583,Scenic Viewpoints,viewpoint,Budget,30-60 mins,Outdoor,unknown,unknown,Low,10,OpenStreetMap,2026-06-09
inzira_5248317665,Keva gusthouse,Kicukiro,Kigali City,-1.9605889,30.1359401,Lodging,accommodation,Moderate,Overnight,Indoor,unknown,unknown,Low,5,OpenStreetMap,2026-06-09
inzira_5249944521,Corina K,Kicukiro,Kigali City,-1.9688134,30.1056559,Lodging,accommodation,Moderate,Overnight,Indoor,Website: https://corinakguesthouse.com/,unknown,Medium,5,OpenStreetMap,2026-06-09
inzira_5252217868,Ubumwe Grande,Nyarugenge,Kigali City,-1.9471199,30.0611554,Lodging,accommodation,Expensive,Overnight,Indoor,Website: https://ubumwegrandehotel.com/,unknown,Medium,5,OpenStreetMap,2026-06-09
inzira_5263911704,Bethany Investment Group EPR Hostel,Nyarugenge,Kigali City,-1.9483905,30.0672526,Lodging,accommodation,Expensive,Overnight,Indoor,unknown,unknown,Low,5,OpenStreetMap,2026-06-09
inzira_5267810122,Montana,Huye,Southern Province,-2.4684781,29.5800051,Lodging,"accommodation, wifi",Expensive,Overnight,Indoor,unknown,unknown,Low,9,OpenStreetMap,2026-06-09
inzira_5267837521,Forest Garden Hotel,Huye,Southern Province,-2.4689886,29.5801817,Lodging,"accommodation, wifi",Expensive,Overnight,Indoor,unknown,unknown,Low,9,OpenStreetMap,2026-06-09
inzira_5291863222,Gisakura Family Hostel,Rusizi,Western Province,-2.4600315,29.0934027,Lodging,accommodation,Moderate,Overnight,Indoor,Phone: +250 788 203 748 | Website: www.gisakurahostel.com,unknown,Medium,9,OpenStreetMap,2026-06-09
inzira_5296846521,Bambou Nest Hotel,Musanze,Northern Province,-1.5084095,29.6391099,Lodging,accommodation,Moderate,Overnight,Indoor,unknown,unknown,Low,9,OpenStreetMap,2026-06-09
inzira_5299561221,Kings Island,Karongi,Western Province,-2.0472976,29.332504,Scenic Viewpoints,viewpoint,Budget,30-60 mins,Outdoor,unknown,unknown,Low,10,OpenStreetMap,2026-06-09
inzira_5301107621,Lake Kivu Viewpoint (2026m),Rutsiro,Western Province,-1.9773652,29.3911784,Scenic Viewpoints,viewpoint,Budget,30-60 mins,Outdoor,unknown,unknown,Low,10,OpenStreetMap,2026-06-09
inzira_5303512521,Shadow House,Rubavu,Western Province,-1.7109607,29.2663595,Lodging,accommodation,Expensive,Overnight,Indoor,unknown,unknown,Low,9,OpenStreetMap,2026-06-09
inzira_5307955022,Cyamudongo Tourism Promotion Cooperative,Rusizi,Western Province,-2.5461059,28.9821918,Attraction,explore,unknown,unknown,Mixed,unknown,unknown,Low,9,OpenStreetMap,2026-06-09
inzira_5308726222,Karisoke Exhibition,Musanze,Northern Province,-1.5045408,29.6365772,Cultural & Historic,"history, culture",Moderate,2-3 hours,Mixed,unknown,unknown,Low,10,OpenStreetMap,2026-06-09
inzira_5310346221,Tourist Information Centre,Musanze,Northern Province,-1.5012746,29.6330035,Attraction,explore,unknown,unknown,Mixed,unknown,unknown,Low,9,OpenStreetMap,2026-06-09
inzira_5313092521,Umunyinya Hotel,Karongi,Western Province,-2.0695976,29.3518372,Lodging,"accommodation, wifi",Moderate,Overnight,Indoor,unknown,unknown,Low,9,OpenStreetMap,2026-06-09
inzira_5321966422,Centre de Formation de lEglise Anglicaine,Ngoma,Eastern Province,-2.1390606,30.5564086,Lodging,accommodation,Moderate,Overnight,Indoor,unknown,unknown,Low,9,OpenStreetMap,2026-06-09
inzira_5331535560,Faradja Hotel,Musanze,Northern Province,-1.501314,29.6208678,Lodging,accommodation,Expensive,Overnight,Indoor,unknown,unknown,Low,9,OpenStreetMap,2026-06-09
inzira_5331535572,Snow Hotel,Musanze,Northern Province,-1.5091518,29.6457384,Lodging,accommodation,Expensive,Overnight,Indoor,unknown,unknown,Low,9,OpenStreetMap,2026-06-09
inzira_5361532621,Kitabi visitor center,Nyaruguru,Southern Province,-2.5264002,29.4169688,Attraction,explore,unknown,unknown,Mixed,unknown,unknown,Low,9,OpenStreetMap,2026-06-09
inzira_5364248121,Ubumwe Center Kigeme,Huye,Southern Province,-2.4735432,29.5790515,Lodging,accommodation,Expensive,Overnight,Indoor,unknown,unknown,Low,9,OpenStreetMap,2026-06-09
inzira_5417781121,Happy Hour,Kicukiro,Kigali City,-1.9629285,30.1206089,Lodging,"accommodation, wifi",Moderate,Overnight,Indoor,Phone: 250789145480,unknown,Medium,5,OpenStreetMap,2026-06-09
inzira_5429607721,Nyungwe Top View Hill Hotel,Nyamasheke,Western Province,-2.4318451,29.0898971,Lodging,"accommodation, wifi",Expensive,Overnight,Indoor,Phone: +250787109335 | Website: https://www.nyungwehotel.com/ | Email: nyungwetopview@gmail.com,unknown,Medium,9,OpenStreetMap,2026-06-09
inzira_5429607921,Keza Nyungwe Guesthouse,Rusizi,Western Province,-2.4370584,29.0907943,Lodging,accommodation,Moderate,Overnight,Indoor,Phone: +250783396666,unknown,Medium,9,OpenStreetMap,2026-06-09
inzira_5469448342,Amizero lodge,Rusizi,Western Province,-2.4886828,28.9190886,Lodging,accommodation,Expensive,Overnight,Indoor,unknown,unknown,Low,9,OpenStreetMap,2026-06-09
inzira_5470873121,Inside Africa Boutique Hotel,Nyarugenge,Kigali City,-1.9498787,30.0706597,Lodging,accommodation,Expensive,Overnight,Indoor,Phone: +250722503698,unknown,Medium,5,OpenStreetMap,2026-06-09
inzira_5472136021,Ituze lodge,Rusizi,Western Province,-2.4243699,29.0734489,Lodging,accommodation,Expensive,Overnight,Indoor,unknown,unknown,Low,9,OpenStreetMap,2026-06-09
inzira_5481837222,Musasa Homestay,Rutsiro,Western Province,-1.9499497,29.3409431,Lodging,accommodation,Moderate,Overnight,Indoor,unknown,unknown,Low,9,OpenStreetMap,2026-06-09
inzira_5540715717,Nyagatare Diplomat Hotel,Nyagatare,Eastern Province,-1.2912015,30.3273241,Lodging,"accommodation, wifi",Expensive,Overnight,Indoor,unknown,unknown,Low,9,OpenStreetMap,2026-06-09
inzira_5611810997,Home St Jean,Karongi,Western Province,-2.0675638,29.3570861,Scenic Viewpoints,viewpoint,Budget,30-60 mins,Outdoor,unknown,unknown,Low,10,OpenStreetMap,2026-06-09
inzira_5758344946,One&Only Nyungwe House,Nyamasheke,Western Province,-2.4473184,29.1042638,Lodging,"accommodation, wifi",Expensive,Overnight,Indoor,Website: https://www.oneandonlyresorts.com/one-and-only-nyungwe-house-rwanda/About,unknown,High,7,OpenStreetMap,2026-06-09
inzira_5779073099,La Paillotte Cyuza,Burera,Northern Province,-1.4379137,29.7595452,Lodging,accommodation,Expensive,Overnight,Indoor,Website: https://www.lapaillottegorillaplace.com/cyuza-en,unknown,Medium,9,OpenStreetMap,2026-06-09
inzira_5803342809,Heroes Motel,Huye,Southern Province,-2.597871,29.743495,Lodging,accommodation,Expensive,Overnight,Indoor,Phone: +250 (0) 788256381 / +250 (0) 788421628 | Email: heroesmotel2017@gmail.com,unknown,Medium,9,OpenStreetMap,2026-06-09
inzira_5803419407,Colours Club and Spa,Gasabo,Kigali City,-1.9433083,30.1247711,Lodging,accommodation,Expensive,Overnight,Indoor,unknown,unknown,Low,5,OpenStreetMap,2026-06-09
inzira_5808507600,Logement La Petite Isimbi,Rusizi,Western Province,-2.4757572,28.9075638,Lodging,accommodation,Expensive,Overnight,Indoor,unknown,unknown,Low,9,OpenStreetMap,2026-06-09
inzira_5808988980,Rubavu Motel,Rusizi,Western Province,-2.477887,28.9099616,Lodging,accommodation,Expensive,Overnight,Indoor,unknown,unknown,Low,9,OpenStreetMap,2026-06-09
inzira_5831866300,Paradise,Nyarugenge,Kigali City,-1.9414065,30.0555996,Lodging,accommodation,Moderate,Overnight,Indoor,unknown,unknown,Low,5,OpenStreetMap,2026-06-09
inzira_5878277286,Tourist Rest House,Musanze,Northern Province,-1.508585,29.6439367,Lodging,accommodation,Moderate,Overnight,Indoor,unknown,unknown,Low,9,OpenStreetMap,2026-06-09
inzira_5881015285,Centre d'Accueil Saint Franois Xavier,Rubavu,Western Province,-1.6985248,29.2583864,Lodging,"accommodation, wifi",Moderate,Overnight,Indoor,unknown,unknown,Low,9,OpenStreetMap,2026-06-09
inzira_5886880687,Roko Construction Guest House,Kicukiro,Kigali City,-1.9717522,30.0853808,Lodging,accommodation,Moderate,Overnight,Indoor,unknown,unknown,Low,5,OpenStreetMap,2026-06-09
inzira_5886916685,Kigali Golf Course,Nyarugenge,Kigali City,-1.9383,30.0933685,Attraction,explore,unknown,unknown,Mixed,unknown,unknown,Low,5,OpenStreetMap,2026-06-09
inzira_5890121586,Nyungwe Nziza Eco-Lodge,Nyaruguru,Southern Province,-2.5308113,29.4084453,Lodging,accommodation,Expensive,Overnight,Indoor,unknown,unknown,Medium,9,OpenStreetMap,2026-06-09
inzira_5890712185,Shortcut to Cyimbiri,Rubavu,Western Province,-1.8415222,29.2937092,Attraction,explore,unknown,unknown,Mixed,unknown,unknown,Low,9,OpenStreetMap,2026-06-09
inzira_5890828586,Sun Set Guest House,Ngoma,Eastern Province,-2.1431177,30.5505595,Lodging,accommodation,Moderate,Overnight,Indoor,Phone: +250 (0) 786154991,unknown,Medium,9,OpenStreetMap,2026-06-09
inzira_5894747185,Gisakura Family Hostel,Rusizi,Western Province,-2.4367334,29.0908667,Lodging,accommodation,Expensive,Overnight,Indoor,unknown,unknown,Low,9,OpenStreetMap,2026-06-09
inzira_5896061485,Amahumbezi Lodge,Rusizi,Western Province,-2.4887329,28.9191835,Lodging,accommodation,Moderate,Overnight,Indoor,unknown,unknown,Low,9,OpenStreetMap,2026-06-09
inzira_5896202870,Humble Guest House,Nyarugenge,Kigali City,-1.9570121,30.0588908,Lodging,accommodation,Moderate,Overnight,Indoor,unknown,unknown,Low,5,OpenStreetMap,2026-06-09
inzira_5903642388,Planette Motel,Rubavu,Western Province,-1.6945205,29.3085055,Lodging,accommodation,Expensive,Overnight,Indoor,unknown,unknown,Low,9,OpenStreetMap,2026-06-09
inzira_5903949986,NGH Guesthouse,Musanze,Northern Province,-1.5083778,29.6428248,Lodging,"accommodation, wifi",Expensive,Overnight,Indoor,unknown,unknown,Low,9,OpenStreetMap,2026-06-09
inzira_5921906846,Martin Aviator,Kicukiro,Kigali City,-1.9614416,30.1343141,Lodging,accommodation,Expensive,Overnight,Indoor,unknown,unknown,Low,5,OpenStreetMap,2026-06-09
inzira_5925995703,Peace and Grace,Nyarugenge,Kigali City,-1.9386407,30.0528338,Lodging,accommodation,Expensive,Overnight,Indoor,unknown,unknown,Low,5,OpenStreetMap,2026-06-09
inzira_6013190185,Gisa Stay 102,Kicukiro,Kigali City,-2.0002846,30.1925308,Lodging,"accommodation, wifi",Moderate,Overnight,Indoor,unknown,unknown,Low,5,OpenStreetMap,2026-06-09
inzira_6049698381,Hill View Hotel,Rubavu,Western Province,-1.7013388,29.2572798,Lodging,accommodation,Expensive,Overnight,Indoor,unknown,unknown,Low,9,OpenStreetMap,2026-06-09
inzira_6061506585,Ibiwi House,Kicukiro,Kigali City,-1.9681076,30.1191468,Lodging,accommodation,Expensive,Overnight,Indoor,unknown,unknown,Low,5,OpenStreetMap,2026-06-09
inzira_6063288085,Auberge de Gisenye,Rubavu,Western Province,-1.6962229,29.261144,Lodging,accommodation,Moderate,Overnight,Indoor,unknown,unknown,Low,9,OpenStreetMap,2026-06-09
inzira_6063288185,Romantic,Karongi,Western Province,-2.0709658,29.3526858,Lodging,accommodation,Expensive,Overnight,Indoor,unknown,unknown,Low,9,OpenStreetMap,2026-06-09
inzira_6083342085,Alpha,Nyarugenge,Kigali City,-1.9426587,30.0445286,Lodging,accommodation,Moderate,Overnight,Indoor,unknown,unknown,Low,5,OpenStreetMap,2026-06-09
inzira_6108895405,Wailers Lodge,Kicukiro,Kigali City,-1.9618869,30.1124438,Lodging,"accommodation, wifi",Expensive,Overnight,Indoor,unknown,unknown,Low,5,OpenStreetMap,2026-06-09
inzira_6158139785,Amasimbi Apartment,Kicukiro,Kigali City,-1.95906,30.1360065,Attraction,wifi,unknown,unknown,Mixed,Phone: +250785276565,unknown,Medium,5,OpenStreetMap,2026-06-09
inzira_6183344485,Camp before karisimbi,Nyabihu,Western Province,-1.4943429,29.4631599,Lodging,accommodation,Moderate,Overnight,Indoor,unknown,unknown,Low,9,OpenStreetMap,2026-06-09
inzira_6246725185,Museum of Environment,Karongi,Western Province,-2.0605025,29.3477693,Cultural & Historic,"history, culture",Moderate,2-3 hours,Mixed,unknown,unknown,Medium,9,OpenStreetMap,2026-06-09
inzira_6263703400,Kirehe super Lodge,Kirehe,Eastern Province,-2.2736776,30.6816723,Lodging,accommodation,Moderate,Overnight,Indoor,unknown,unknown,Low,9,OpenStreetMap,2026-06-09
inzira_6263820288,Le Colombe Garden,Kayonza,Eastern Province,-1.9046725,30.5075497,Lodging,accommodation,Expensive,Overnight,Indoor,unknown,unknown,Low,9,OpenStreetMap,2026-06-09
inzira_6263838706,Eastland Hotel,Kayonza,Eastern Province,-1.9018153,30.4981077,Lodging,accommodation,Expensive,Overnight,Indoor,Phone: +250 788 313 271 | Email: eastlandhotel@yahoo.com,unknown,Medium,9,OpenStreetMap,2026-06-09
inzira_6263862285,Silent Hill Hotel,Kayonza,Eastern Province,-1.9009839,30.4931261,Lodging,accommodation,Expensive,Overnight,Indoor,unknown,unknown,Low,9,OpenStreetMap,2026-06-09
inzira_6264042687,Michas Motel,Kicukiro,Kigali City,-1.9683472,30.1659284,Lodging,accommodation,Expensive,Overnight,Indoor,unknown,unknown,Low,5,OpenStreetMap,2026-06-09
inzira_6264043287,Le Paradis,Kicukiro,Kigali City,-1.9567772,30.1323443,Lodging,accommodation,Expensive,Overnight,Indoor,unknown,unknown,Low,5,OpenStreetMap,2026-06-09
inzira_6264138687,The Nest,Nyarugenge,Kigali City,-1.9534437,30.0823989,Lodging,accommodation,Expensive,Overnight,Indoor,unknown,unknown,Low,5,OpenStreetMap,2026-06-09
inzira_6264203786,Kim Hotel,Nyarugenge,Kigali City,-1.9548589,30.0804759,Lodging,accommodation,Expensive,Overnight,Indoor,unknown,unknown,Low,5,OpenStreetMap,2026-06-09
inzira_6267682482,Volcano Cafe Hotel,Nyabihu,Western Province,-1.6112183,29.4525642,Lodging,accommodation,Expensive,Overnight,Indoor,unknown,unknown,Low,9,OpenStreetMap,2026-06-09
inzira_6267686004,La Corniche,Nyabihu,Western Province,-1.6116525,29.5084708,Lodging,accommodation,Expensive,Overnight,Indoor,unknown,unknown,Low,9,OpenStreetMap,2026-06-09
inzira_6273603987,Sculpture,Rubavu,Western Province,-1.7026041,29.2627287,Attraction,explore,unknown,unknown,Mixed,unknown,unknown,Low,9,OpenStreetMap,2026-06-09
inzira_6276471994,Wilsad lodge,Kicukiro,Kigali City,-1.9619625,30.1100841,Lodging,accommodation,Moderate,Overnight,Indoor,unknown,unknown,Low,5,OpenStreetMap,2026-06-09
inzira_6278594180,Sorwathe Tea Factory Guest House,Rulindo,Northern Province,-1.674689,29.9784411,Lodging,accommodation,Moderate,Overnight,Indoor,Website: https://web.facebook.com/Sorwathe-Tea-Factory-Plantation-348410791844096/,unknown,Medium,9,OpenStreetMap,2026-06-09
inzira_6278792485,King's Hospitality,Nyarugenge,Kigali City,-1.9526785,30.0805076,Lodging,accommodation,Expensive,Overnight,Indoor,unknown,unknown,Low,5,OpenStreetMap,2026-06-09
inzira_6283136685,Nirvana Heights Hotel,Rubavu,Western Province,-1.7313626,29.2639397,Lodging,accommodation,Expensive,Overnight,Indoor,unknown,unknown,Low,9,OpenStreetMap,2026-06-09
inzira_6285337995,hotel,Nyabihu,Western Province,-1.6113233,29.4525524,Lodging,accommodation,Expensive,Overnight,Indoor,unknown,unknown,Low,9,OpenStreetMap,2026-06-09
inzira_6293943594,Saint-tienne Guest House,Nyarugenge,Kigali City,-1.9643552,30.0648905,Lodging,accommodation,Moderate,Overnight,Indoor,unknown,unknown,Low,5,OpenStreetMap,2026-06-09
inzira_6301347286,Start of the Buhoro Trail,Nyamasheke,Western Province,-2.4818748,29.1999228,Attraction,explore,unknown,unknown,Mixed,unknown,unknown,Low,9,OpenStreetMap,2026-06-09
inzira_6301352290,Start of the Irebero Trail,Nyamasheke,Western Province,-2.4851339,29.1989113,Attraction,explore,unknown,unknown,Mixed,unknown,unknown,Low,9,OpenStreetMap,2026-06-09
inzira_6301353592,Start of the Umugote Trail,Nyamasheke,Western Province,-2.4869035,29.1991585,Attraction,explore,unknown,unknown,Mixed,unknown,unknown,Low,9,OpenStreetMap,2026-06-09
inzira_6305176686,Arboretum Office,Huye,Southern Province,-2.6150148,29.7482427,Attraction,explore,unknown,unknown,Mixed,unknown,unknown,Low,9,OpenStreetMap,2026-06-09
inzira_6306907985,Twiga Hotel,Huye,Southern Province,-2.5958672,29.7367321,Lodging,"accommodation, wifi",Expensive,Overnight,Indoor,unknown,unknown,Low,9,OpenStreetMap,2026-06-09
inzira_6316476087,Museum of Rwesero (former National Art Gallery),Nyanza,Southern Province,-2.3690798,29.7411151,Cultural & Historic,"history, culture",Moderate,2-3 hours,Mixed,unknown,unknown,Low,10,OpenStreetMap,2026-06-09
inzira_6316476088,Nyanza Heritage Hotel,Nyanza,Southern Province,-2.3545421,29.7497927,Lodging,accommodation,Expensive,Overnight,Indoor,unknown,unknown,Low,9,OpenStreetMap,2026-06-09
inzira_6316524985,Boomerang Motel,Nyanza,Southern Province,-2.3633753,29.7440548,Lodging,accommodation,Expensive,Overnight,Indoor,unknown,unknown,Low,9,OpenStreetMap,2026-06-09
inzira_6316524986,Mwina - Mausoleum,Nyanza,Southern Province,-2.3557689,29.7358709,Attraction,explore,unknown,unknown,Mixed,unknown,unknown,Low,9,OpenStreetMap,2026-06-09
inzira_6316524987,Dayenu Hotel,Nyanza,Southern Province,-2.3536049,29.7494398,Lodging,accommodation,Expensive,Overnight,Indoor,unknown,unknown,Low,9,OpenStreetMap,2026-06-09
inzira_6316539885,New Life Motel,Nyanza,Southern Province,-2.3536275,29.7509696,Lodging,accommodation,Expensive,Overnight,Indoor,unknown,unknown,Low,9,OpenStreetMap,2026-06-09
inzira_6352251117,Picnic Spot,Gatsibo,Eastern Province,-1.4127869,30.5776589,Attraction,explore,unknown,unknown,Mixed,unknown,unknown,Low,9,OpenStreetMap,2026-06-09
inzira_6356571488,Mijo Hostel,Nyarugenge,Kigali City,-1.951695,30.0809181,Lodging,"accommodation, wifi",Moderate,Overnight,Indoor,unknown,unknown,Low,5,OpenStreetMap,2026-06-09
inzira_6418491888,HOPE HOUSE,Huye,Southern Province,-2.6066847,29.73918,Lodging,accommodation,Expensive,Overnight,Indoor,unknown,unknown,Low,9,OpenStreetMap,2026-06-09
inzira_6419557788,Campaign Against Genocide Museum,Kicukiro,Kigali City,-1.9523151,30.0989854,Cultural & Historic,"wifi, accessible, history, culture",Moderate,2-3 hours,Mixed,unknown,unknown,Medium,5,OpenStreetMap,2026-06-09
inzira_6419683385,Green Page Inn,Kicukiro,Kigali City,-1.9780422,30.0954308,Lodging,accommodation,Expensive,Overnight,Indoor,unknown,unknown,Low,5,OpenStreetMap,2026-06-09
inzira_6431133187,Ivuka arts studio,Nyarugenge,Kigali City,-1.9421698,30.0908089,Attraction,explore,unknown,unknown,Mixed,unknown,unknown,Low,5,OpenStreetMap,2026-06-09
inzira_6440650486,Great view of Kivu Lake stp,Rutsiro,Western Province,-1.9681863,29.3880147,Scenic Viewpoints,viewpoint,Budget,30-60 mins,Outdoor,unknown,unknown,Low,10,OpenStreetMap,2026-06-09
inzira_6440662486,Kunda guesthouse,Rubavu,Western Province,-1.6892658,29.2499604,Lodging,accommodation,Moderate,Overnight,Indoor,unknown,unknown,Low,9,OpenStreetMap,2026-06-09
inzira_6592797496,Kigufi,Rubavu,Western Province,-1.7489769,29.2772958,Lodging,accommodation,Moderate,Overnight,Indoor,unknown,unknown,Low,9,OpenStreetMap,2026-06-09
inzira_6592797590,Hot springs,Rubavu,Western Province,-1.7395414,29.2745296,Attraction,explore,unknown,unknown,Mixed,unknown,unknown,Low,9,OpenStreetMap,2026-06-09
inzira_6592797591,Inema,Kayonza,Eastern Province,-1.950254,30.6846082,Lodging,accommodation,Expensive,Overnight,Indoor,unknown,unknown,Low,9,OpenStreetMap,2026-06-09
inzira_6592798185,Madiba guest house,Nyarugenge,Kigali City,-1.9509077,30.0824912,Lodging,accommodation,Expensive,Overnight,Indoor,unknown,unknown,Low,5,OpenStreetMap,2026-06-09
inzira_6604006285,Cayenne Motel,Nyarugenge,Kigali City,-1.9382855,30.0524651,Lodging,"accommodation, wifi",Expensive,Overnight,Indoor,unknown,unknown,Low,5,OpenStreetMap,2026-06-09
inzira_6624475286,Best Western Eco Hotel,Karongi,Western Province,-2.0707583,29.35203,Lodging,accommodation,Moderate,Overnight,Indoor,unknown,unknown,Low,9,OpenStreetMap,2026-06-09
inzira_6629596889,Inemas arts gallery,Nyarugenge,Kigali City,-1.9416546,30.0908946,Attraction,explore,unknown,unknown,Mixed,unknown,unknown,Low,5,OpenStreetMap,2026-06-09
inzira_6629597487,Golf Eden,Nyarugenge,Kigali City,-1.9414818,30.0916125,Lodging,"accommodation, wifi",Moderate,Overnight,Indoor,unknown,unknown,Low,5,OpenStreetMap,2026-06-09
inzira_6629666287,Country Inn Hotel,Gasabo,Kigali City,-1.9242665,30.0961808,Lodging,accommodation,Expensive,Overnight,Indoor,unknown,unknown,Medium,5,OpenStreetMap,2026-06-09
inzira_6673445785,ViaVia Kigali,Gasabo,Kigali City,-1.9339123,30.1136641,Lodging,accommodation,Moderate,Overnight,Indoor,unknown,unknown,Low,5,OpenStreetMap,2026-06-09
inzira_6761301785,Ihema Viewpoint Campsite,Kayonza,Eastern Province,-1.9502607,30.6845983,Lodging,accommodation,Moderate,Overnight,Indoor,Phone: +250 787 117 983 | Website: https://www.facebook.com/ACOFREGCO/,unknown,Medium,9,OpenStreetMap,2026-06-09
inzira_6801209287,Start of the Congo Nile Trail,Rubavu,Western Province,-1.7394705,29.2770636,Attraction,explore,unknown,unknown,Mixed,unknown,unknown,Low,9,OpenStreetMap,2026-06-09
inzira_6807633939,5 Swiss Hotel,Nyarugenge,Kigali City,-1.9476719,30.0637666,Lodging,"accommodation, wifi",Expensive,Overnight,Indoor,unknown,unknown,Low,5,OpenStreetMap,2026-06-09
inzira_6807673097,Lebanon Hotel,Kicukiro,Kigali City,-1.9539086,30.1109688,Lodging,"accommodation, wifi",Expensive,Overnight,Indoor,unknown,unknown,Medium,5,OpenStreetMap,2026-06-09
inzira_6807785485,Galileo,Huye,Southern Province,-2.5932488,29.7371308,Lodging,accommodation,Expensive,Overnight,Indoor,unknown,unknown,Low,9,OpenStreetMap,2026-06-09
inzira_6812623585,Mountain Gorilla View lodge,Musanze,Northern Province,-1.4281823,29.5559891,Lodging,"accommodation, wifi",Expensive,Overnight,Indoor,unknown,unknown,Low,9,OpenStreetMap,2026-06-09
inzira_6852850786,Great season hotel,Gasabo,Kigali City,-1.9230629,30.0933781,Lodging,accommodation,Expensive,Overnight,Indoor,unknown,unknown,Low,5,OpenStreetMap,2026-06-09
inzira_6894731385,Gad Guest House,Kicukiro,Kigali City,-1.9608558,30.1055865,Lodging,"accommodation, wifi",Moderate,Overnight,Indoor,Phone: +250788355326 | Email: chance76fr@yahoo.fr,unknown,Medium,5,OpenStreetMap,2026-06-09
inzira_6918845086,Home,Kicukiro,Kigali City,-1.9794664,30.1348992,Attraction,explore,unknown,unknown,Mixed,unknown,unknown,Low,5,OpenStreetMap,2026-06-09
inzira_6932523686,Ken Barham Guesthouse,Rusizi,Western Province,-2.4402027,29.0896982,Lodging,"accommodation, wifi",Moderate,Overnight,Indoor,unknown,unknown,Low,9,OpenStreetMap,2026-06-09
inzira_7022331387,Family,Rubavu,Western Province,-1.7331771,29.2730335,Lodging,accommodation,Moderate,Overnight,Indoor,Phone: +250 (0) 788 480 524,unknown,Medium,9,OpenStreetMap,2026-06-09
inzira_7035196333,Peponi Livingspaces,Gasabo,Kigali City,-1.9112091,30.0836105,Lodging,accommodation,Expensive,Overnight,Indoor,Phone: +250786442077 | Website: http://peponi.co,unknown,Medium,5,OpenStreetMap,2026-06-09
inzira_7075545687,Kwa Fabiola Inyambirambo,Nyarugenge,Kigali City,-1.9766495,30.0424223,Attraction,explore,unknown,unknown,Mixed,unknown,unknown,Low,5,OpenStreetMap,2026-06-09
inzira_7139512088,Vision Motel,Nyarugenge,Kigali City,-1.9407315,30.0621304,Lodging,accommodation,Expensive,Overnight,Indoor,unknown,unknown,Low,5,OpenStreetMap,2026-06-09
inzira_7140662085,Rouge by Desir,Gasabo,Kigali City,-1.9225666,30.0997867,Lodging,"accommodation, wifi",Expensive,Overnight,Indoor,unknown,unknown,Low,5,OpenStreetMap,2026-06-09
inzira_7160197688,Midland Hotel,Kayonza,Eastern Province,-1.9031214,30.5069736,Lodging,accommodation,Expensive,Overnight,Indoor,unknown,unknown,Low,9,OpenStreetMap,2026-06-09
inzira_7178846885,Nyanza Cameroonian Residence JD,Nyanza,Southern Province,-2.3576233,29.7478375,Lodging,accommodation,Moderate,Overnight,Indoor,unknown,unknown,Low,9,OpenStreetMap,2026-06-09
inzira_7678284754,Urban by CityBlue Kigali,Nyarugenge,Kigali City,-1.9489466,30.0690638,Lodging,accommodation,Expensive,Overnight,Indoor,Website: https://www.citybluehotels.com/urban-by-cityblue-kigali/,unknown,High,3,OpenStreetMap,2026-06-09
inzira_7678312087,2000 Hotel Downtown Kigali,Nyarugenge,Kigali City,-1.9437853,30.0581957,Lodging,accommodation,Expensive,Overnight,Indoor,unknown,unknown,Low,5,OpenStreetMap,2026-06-09
inzira_7815088999,Bugesera Lodge,Kicukiro,Kigali City,-2.0778256,30.1050125,Lodging,accommodation,Moderate,Overnight,Indoor,Phone: +250 782776930 | Website: https://www.bugeseralodge.com,unknown,Medium,5,OpenStreetMap,2026-06-09
inzira_7815109085,Ruh,Musanze,Northern Province,-1.5301179,29.7108186,Lodging,accommodation,Moderate,Overnight,Indoor,Website: https://www.ruhondocottages.com/,unknown,Medium,9,OpenStreetMap,2026-06-09
inzira_8071989212,Amara n' Ubuki Boutique Hotel,Kicukiro,Kigali City,-1.9510943,30.0992724,Lodging,accommodation,Expensive,Overnight,Indoor,unknown,unknown,Low,5,OpenStreetMap,2026-06-09
inzira_8094013814,Galaxy Hotel,Nyarugenge,Kigali City,-1.9463095,30.0626541,Lodging,accommodation,Expensive,Overnight,Indoor,unknown,unknown,Low,5,OpenStreetMap,2026-06-09
inzira_8119228610,Kivu Marina Bay,Rusizi,Western Province,-2.4717242,28.9006278,Lodging,accommodation,Expensive,Overnight,Indoor,unknown,unknown,Low,9,OpenStreetMap,2026-06-09
inzira_8399711004,Rhino Lodge,Kayonza,Eastern Province,-1.9554192,30.6856223,Lodging,accommodation,Moderate,Overnight,Indoor,unknown,unknown,Low,9,OpenStreetMap,2026-06-09
inzira_8441495975,Vintage Cottages,Rwamagana,Eastern Province,-1.8864741,30.3875523,Lodging,accommodation,Moderate,Overnight,Indoor,Website: https://vintagecottagerwanda.com/,unknown,Medium,9,OpenStreetMap,2026-06-09
inzira_8450737034,Church Guesthouse,Rusizi,Western Province,-2.4093823,29.0058091,Lodging,accommodation,Moderate,Overnight,Indoor,unknown,unknown,Low,9,OpenStreetMap,2026-06-09
inzira_8480530517,Palottine Sisters,Nyaruguru,Southern Province,-2.6520972,29.5555388,Lodging,accommodation,Moderate,Overnight,Indoor,unknown,unknown,Low,9,OpenStreetMap,2026-06-09
inzira_8480530518,Palotti House,Nyaruguru,Southern Province,-2.651872,29.5540302,Lodging,accommodation,Moderate,Overnight,Indoor,unknown,unknown,Low,9,OpenStreetMap,2026-06-09
inzira_8480530519,Regina Pacis Center,Nyaruguru,Southern Province,-2.6503883,29.5523894,Lodging,accommodation,Moderate,Overnight,Indoor,unknown,unknown,Low,9,OpenStreetMap,2026-06-09
inzira_8593067218,BGE,Gakenke,Northern Province,-1.6083611,29.8136927,Lodging,accommodation,Moderate,Overnight,Indoor,unknown,unknown,Low,9,OpenStreetMap,2026-06-09
inzira_8661899718,Huye Mountain Coffee,Huye,Southern Province,-2.5467943,29.6922614,Attraction,explore,unknown,unknown,Mixed,unknown,unknown,Low,9,OpenStreetMap,2026-06-09
inzira_8672756982,Highlands Apartments,Gasabo,Kigali City,-1.9241183,30.0921744,Attraction,explore,unknown,unknown,Mixed,unknown,unknown,Low,5,OpenStreetMap,2026-06-09
inzira_8687313217,Nyungwe Cultural Village Cooperative,Rusizi,Western Province,-2.4294246,29.08391,Attraction,explore,unknown,unknown,Mixed,unknown,unknown,Low,9,OpenStreetMap,2026-06-09
inzira_8687322917,Gisakura Tea Estate,Rusizi,Western Province,-2.4554487,29.0865218,Attraction,explore,unknown,unknown,Mixed,unknown,unknown,Low,9,OpenStreetMap,2026-06-09
inzira_8696688717,DAMAS' House,Nyarugenge,Kigali City,-1.996611,30.0414775,Attraction,explore,unknown,unknown,Mixed,unknown,unknown,Low,5,OpenStreetMap,2026-06-09
inzira_8708929717,IKIBANZA 2,Kicukiro,Kigali City,-1.9908056,30.1498525,Attraction,explore,unknown,unknown,Mixed,unknown,unknown,Low,5,OpenStreetMap,2026-06-09
inzira_8709510017,IKIBANZA 2 KABUYE Karuruma,Gasabo,Kigali City,-1.8800885,30.0535193,Attraction,explore,unknown,unknown,Mixed,unknown,unknown,Low,5,OpenStreetMap,2026-06-09
inzira_8709510217,IKIBANZA 2,Gasabo,Kigali City,-1.8839315,30.0571745,Attraction,explore,unknown,unknown,Mixed,unknown,unknown,Low,5,OpenStreetMap,2026-06-09
inzira_8709510417,IKIBANZA 2,Gasabo,Kigali City,-1.8838237,30.0561866,Attraction,explore,unknown,unknown,Mixed,unknown,unknown,Low,5,OpenStreetMap,2026-06-09
inzira_8715008080,Rose Garden Appartments,Gasabo,Kigali City,-1.9317712,30.0986071,Attraction,explore,unknown,unknown,Mixed,unknown,unknown,Low,5,OpenStreetMap,2026-06-09
inzira_8715010228,Garr Hotel,Gasabo,Kigali City,-1.9360584,30.1001244,Lodging,accommodation,Expensive,Overnight,Indoor,unknown,unknown,Medium,5,OpenStreetMap,2026-06-09
inzira_8715016447,Larubibi Private Apartments,Gasabo,Kigali City,-1.9370508,30.1004053,Attraction,explore,unknown,unknown,Mixed,unknown,unknown,Low,5,OpenStreetMap,2026-06-09
inzira_8715023327,Quiet Haven Hotel,Gasabo,Kigali City,-1.9345114,30.0990412,Lodging,accommodation,Expensive,Overnight,Indoor,unknown,unknown,Medium,5,OpenStreetMap,2026-06-09
inzira_8722547332,Orient Park Hotel,Gasabo,Kigali City,-1.9282956,30.0983466,Lodging,accommodation,Expensive,Overnight,Indoor,unknown,unknown,Low,5,OpenStreetMap,2026-06-09
inzira_8736821289,Centre d'accueil Hosanna,Nyarugenge,Kigali City,-1.9467051,30.0897475,Lodging,accommodation,Moderate,Overnight,Indoor,unknown,unknown,Low,5,OpenStreetMap,2026-06-09
inzira_8741271390,Holly Guest Inn,Kicukiro,Kigali City,-1.9679019,30.0963234,Lodging,accommodation,Moderate,Overnight,Indoor,unknown,unknown,Low,5,OpenStreetMap,2026-06-09
inzira_8747104512,Luxor Apartments,Gasabo,Kigali City,-1.9189687,30.0945266,Attraction,explore,unknown,unknown,Mixed,unknown,unknown,Low,5,OpenStreetMap,2026-06-09
inzira_8754616617,Peakspot,Musanze,Northern Province,-1.418973,29.5764905,Lodging,accommodation,Expensive,Overnight,Indoor,unknown,unknown,Low,9,OpenStreetMap,2026-06-09
inzira_8779057736,IKIBANZA 4 GISOZI,Nyarugenge,Kigali City,-1.9129138,30.0599904,Attraction,explore,unknown,unknown,Mixed,unknown,unknown,Low,5,OpenStreetMap,2026-06-09
inzira_8779063821,IKIBANZA 3 REBERO,Kicukiro,Kigali City,-2.018619,30.0747136,Attraction,explore,unknown,unknown,Mixed,unknown,unknown,Low,5,OpenStreetMap,2026-06-09
inzira_9017440817,RwandAir sale agency,Nyarugenge,Kigali City,-1.9469349,30.060991,Attraction,explore,unknown,unknown,Mixed,unknown,unknown,Low,5,OpenStreetMap,2026-06-09
inzira_9073405217,The Retreat,Nyarugenge,Kigali City,-1.9473171,30.0650944,Lodging,"accommodation, wifi",Expensive,Overnight,Indoor,Phone: +250782000001 | Website: https://heavenrwanda.com/,unknown,High,3,OpenStreetMap,2026-06-09
inzira_9250744647,Mantis EPIC Hotel,Nyagatare,Eastern Province,-1.3159491,30.321529,Lodging,accommodation,Expensive,Overnight,Indoor,Website: https://www.mantiscollection.com/hotel/family-adventure-holiday-rwanda/,unknown,Medium,9,OpenStreetMap,2026-06-09
inzira_9363997167,Eagle View Lodge,Kicukiro,Kigali City,-1.9925348,30.0742104,Lodging,accommodation,Expensive,Overnight,Indoor,unknown,unknown,Low,5,OpenStreetMap,2026-06-09
inzira_9415850258,The Little Hill Boutique Hotel,Gasabo,Kigali City,-1.9183015,30.0959869,Lodging,accommodation,Expensive,Overnight,Indoor,unknown,unknown,Low,5,OpenStreetMap,2026-06-09
inzira_9442568381,Itete Apartment,Gasabo,Kigali City,-1.9344207,30.1000523,Attraction,explore,unknown,unknown,Mixed,unknown,unknown,Low,5,OpenStreetMap,2026-06-09
inzira_9468376417,Muhabura mountain lodge,Rubavu,Western Province,-1.6962015,29.2622766,Lodging,accommodation,Expensive,Overnight,Indoor,unknown,unknown,Low,9,OpenStreetMap,2026-06-09
inzira_9514019017,Tamara,Rusizi,Western Province,-2.6158426,29.0180758,Lodging,accommodation,Expensive,Overnight,Indoor,unknown,unknown,Low,9,OpenStreetMap,2026-06-09
inzira_9580350890,Mountain View Apartments,Nyarugenge,Kigali City,-1.9260573,30.0541873,Lodging,accommodation,Expensive,Overnight,Indoor,Phone: +250788912646,unknown,Medium,5,OpenStreetMap,2026-06-09
inzira_9709032851,Urban Suit Hotel,Kicukiro,Kigali City,-1.9605215,30.1084046,Lodging,accommodation,Expensive,Overnight,Indoor,unknown,unknown,Low,5,OpenStreetMap,2026-06-09
inzira_9709035933,URBAN PARK,Kicukiro,Kigali City,-1.9605321,30.1077041,Lodging,accommodation,Expensive,Overnight,Indoor,unknown,unknown,Low,5,OpenStreetMap,2026-06-09
inzira_9778589679,Bitenga Base Camp,Rutsiro,Western Province,-1.8340942,29.4114962,Lodging,accommodation,Moderate,Overnight,Indoor,unknown,unknown,Low,9,OpenStreetMap,2026-06-09
inzira_9778589680,Karumbi Base Camp,Ngororero,Western Province,-1.8588696,29.4556287,Lodging,accommodation,Moderate,Overnight,Indoor,unknown,unknown,Low,9,OpenStreetMap,2026-06-09
inzira_9778589804,Forest of Hope,Rubavu,Western Province,-1.8320594,29.3543028,Lodging,accommodation,Moderate,Overnight,Indoor,unknown,unknown,Low,9,OpenStreetMap,2026-06-09
inzira_9782364644,Ku Kibuye Eco Lodge,Karongi,Western Province,-2.0553001,29.3503926,Lodging,accommodation,Expensive,Overnight,Indoor,Website: www.kukibuyeEco-lodge.com | Email: kukibuyelodge@gmail.com,unknown,Medium,9,OpenStreetMap,2026-06-09
inzira_9896423830,Visitor Centre,Nyanza,Southern Province,-2.3549621,29.750263,Attraction,explore,unknown,unknown,Mixed,unknown,unknown,Low,9,OpenStreetMap,2026-06-09
inzira_9969997223,Classic hotel,Kicukiro,Kigali City,-1.9688067,30.1005035,Lodging,"accommodation, wifi",Expensive,Overnight,Indoor,unknown,unknown,Low,5,OpenStreetMap,2026-06-09
inzira_9969997224,Great hotel Kiyovu,Nyarugenge,Kigali City,-1.9587918,30.069605,Lodging,accommodation,Expensive,Overnight,Indoor,unknown,unknown,Low,5,OpenStreetMap,2026-06-09
inzira_9969997225,Hotel Gorillas,Nyarugenge,Kigali City,-1.9506185,30.0698062,Lodging,accommodation,Expensive,Overnight,Indoor,unknown,unknown,Low,5,OpenStreetMap,2026-06-09
inzira_9982102622,Umusambi Village,Kicukiro,Kigali City,-1.9844707,30.2098383,Attraction,explore,unknown,unknown,Mixed,Website: https://umusambivillage.org/,unknown,Medium,5,OpenStreetMap,2026-06-09
inzira_9991227018,Santos Home,Bugesera,Eastern Province,-2.0950382,30.0795189,Attraction,explore,unknown,unknown,Mixed,unknown,unknown,Low,9,OpenStreetMap,2026-06-09
inzira_10000515817,Mount Kigali,Nyarugenge,Kigali City,-1.9675494,30.0380899,Lodging,accommodation,Moderate,Overnight,Indoor,unknown,unknown,Low,5,OpenStreetMap,2026-06-09
inzira_10154030417,B. Maurice Guest House,Nyarugenge,Kigali City,-1.9504566,30.0721678,Lodging,accommodation,Moderate,Overnight,Indoor,unknown,unknown,Low,5,OpenStreetMap,2026-06-09
inzira_10157534118,B. Maurice Guest House,Nyarugenge,Kigali City,-1.9505543,30.0721936,Lodging,accommodation,Moderate,Overnight,Indoor,unknown,unknown,Low,5,OpenStreetMap,2026-06-09
inzira_10162715517,Spa Shallum,Karongi,Western Province,-2.0630646,29.3382607,Lodging,accommodation,Moderate,Overnight,Indoor,unknown,unknown,Low,9,OpenStreetMap,2026-06-09
inzira_10176187817,Fravan Eco-Resort,Musanze,Northern Province,-1.4970465,29.6121328,Lodging,accommodation,Moderate,Overnight,Indoor,unknown,unknown,Low,9,OpenStreetMap,2026-06-09
inzira_10202347386,Kigali Golf Course,Nyarugenge,Kigali City,-1.9336204,30.0911909,Attraction,explore,unknown,unknown,Mixed,unknown,unknown,Low,5,OpenStreetMap,2026-06-09
inzira_10224346417,Htel Rusizi Progress,Rusizi,Western Province,-2.4755965,28.9083874,Lodging,"accommodation, wifi",Expensive,Overnight,Indoor,unknown,unknown,Low,9,OpenStreetMap,2026-06-09
inzira_10238038499,Belvedere Hotel,Rubavu,Western Province,-1.7031852,29.2645325,Lodging,accommodation,Expensive,Overnight,Indoor,unknown,unknown,Low,9,OpenStreetMap,2026-06-09
inzira_10540112609,Ibigabiro Resort,Nyamasheke,Western Province,-2.3418924,29.0898558,Lodging,accommodation,Expensive,Overnight,Indoor,unknown,unknown,Low,9,OpenStreetMap,2026-06-09
inzira_10710007346,Hotel Hilltop & Country  Club,Kicukiro,Kigali City,-1.9621578,30.1221878,Lodging,accommodation,Expensive,Overnight,Indoor,Phone: +250788541409 | Website: www.kigalihotelhilltop.com,unknown,Medium,5,OpenStreetMap,2026-06-09
inzira_10738828224,Yambi Guesthouse,Nyarugenge,Kigali City,-1.9846793,30.0732468,Lodging,"accommodation, wifi",Moderate,Overnight,Indoor,Phone: +250 788 301 801 | Website: https://yambihotel.com/,unknown,Medium,5,OpenStreetMap,2026-06-09
inzira_10743068167,Nature Kigali,Kicukiro,Kigali City,-1.9438449,30.1028163,Lodging,accommodation,Expensive,Overnight,Indoor,Website: https://naturekigali.com,unknown,Medium,5,OpenStreetMap,2026-06-09
inzira_10782422822,Ellen DeGeneres Campus of the Dian Fossey Gorilla Fund,Musanze,Northern Province,-1.4308101,29.5636449,Cultural & Historic,"wifi, accessible, history, culture",Moderate,2-3 hours,Mixed,Website: https://gorillafund.org,unknown,Medium,9,OpenStreetMap,2026-06-09
inzira_10782422823,Ross Carr Museum And Gardens,Nyabihu,Western Province,-1.5943452,29.3864105,Cultural & Historic,"history, culture",Moderate,2-3 hours,Mixed,unknown,unknown,Low,10,OpenStreetMap,2026-06-09
inzira_10782451110,Volcano View,Musanze,Northern Province,-1.5012414,29.6235087,Lodging,"accommodation, wifi",Moderate,Overnight,Indoor,Phone: +2500788821820 | Website: https://volcanoviewrw.com,unknown,Medium,9,OpenStreetMap,2026-06-09
inzira_10787081542,Radisson Blu Hotel,Kicukiro,Kigali City,-1.9542643,30.0931089,Lodging,accommodation,Expensive,Overnight,Indoor,unknown,unknown,Low,5,OpenStreetMap,2026-06-09
inzira_10796835724,Mihindi,Gatsibo,Eastern Province,-1.5366329,30.7065688,Lodging,accommodation,Moderate,Overnight,Indoor,unknown,unknown,Low,9,OpenStreetMap,2026-06-09
inzira_10796835727,Karenge Bush Camp,Gatsibo,Eastern Province,-1.4371418,30.5714608,Lodging,accommodation,Expensive,Overnight,Indoor,unknown,unknown,Low,9,OpenStreetMap,2026-06-09
inzira_10822299057,Hilltop Hotel,Kicukiro,Kigali City,-1.9617429,30.1213611,Lodging,accommodation,Expensive,Overnight,Indoor,Website: https://hilltophotelkigali.rw/,unknown,Medium,5,OpenStreetMap,2026-06-09
inzira_10840512943,Centre d'Accueil Saint Franois Xavier,Rubavu,Western Province,-1.6983979,29.2584671,Lodging,"accommodation, wifi",Moderate,Overnight,Indoor,Website: https://centre-d-accueil-saint-francois-xavier-gisenyi.booked.net/,unknown,Medium,9,OpenStreetMap,2026-06-09
inzira_10856650338,Sonatubes Roundabout,Kicukiro,Kigali City,-1.9673369,30.1025213,Attraction,explore,unknown,unknown,Mixed,unknown,unknown,Low,5,OpenStreetMap,2026-06-09
inzira_10865400374,Airport Inn Motel,Kicukiro,Kigali City,-1.9616447,30.1346777,Lodging,"accommodation, wifi",Expensive,Overnight,Indoor,unknown,unknown,Low,5,OpenStreetMap,2026-06-09
inzira_10867973137,Keva Guest House,Kicukiro,Kigali City,-1.9605881,30.1359347,Lodging,"accommodation, wifi",Moderate,Overnight,Indoor,Phone: +250 788 771 071,unknown,Medium,5,OpenStreetMap,2026-06-09
inzira_10880532787,Mukamira Guest House,Nyabihu,Western Province,-1.5912976,29.5214034,Lodging,accommodation,Moderate,Overnight,Indoor,unknown,unknown,Low,9,OpenStreetMap,2026-06-09
inzira_10887424374,Venus Villa,Musanze,Northern Province,-1.504457,29.6445605,Lodging,accommodation,Expensive,Overnight,Indoor,unknown,unknown,Low,9,OpenStreetMap,2026-06-09
inzira_10887424375,Amahoro Guesthouse,Musanze,Northern Province,-1.5065385,29.6437788,Lodging,accommodation,Expensive,Overnight,Indoor,unknown,unknown,Low,9,OpenStreetMap,2026-06-09
inzira_10889796893,Airport Kanombe entrance,Kicukiro,Kigali City,-1.9635858,30.1314874,Attraction,explore,unknown,unknown,Mixed,unknown,unknown,Low,5,OpenStreetMap,2026-06-09
inzira_10892016120,ALMA GUEST HOUSE,Kicukiro,Kigali City,-1.9612576,30.1224574,Lodging,accommodation,Moderate,Overnight,Indoor,unknown,unknown,Low,5,OpenStreetMap,2026-06-09
inzira_10896608805,SportView,Kicukiro,Kigali City,-1.9900041,30.1012967,Lodging,accommodation,Expensive,Overnight,Indoor,unknown,unknown,Low,5,OpenStreetMap,2026-06-09
inzira_10905583952,Kigali Airport Apartment,Kicukiro,Kigali City,-1.9621375,30.137185,Lodging,accommodation,Expensive,Overnight,Indoor,unknown,unknown,Low,5,OpenStreetMap,2026-06-09
inzira_10915573305,Splendid hotel,Muhanga,Southern Province,-2.0785137,29.7558219,Lodging,accommodation,Expensive,Overnight,Indoor,unknown,unknown,Low,9,OpenStreetMap,2026-06-09
inzira_10921167579,TORIST MOTER,Kicukiro,Kigali City,-1.961853,30.1296633,Lodging,accommodation,Expensive,Overnight,Indoor,Phone: +250 785 021 507,unknown,Medium,5,OpenStreetMap,2026-06-09
inzira_10923619307,La plante guest house,Nyamasheke,Western Province,-2.3292242,29.1391751,Lodging,accommodation,Expensive,Overnight,Indoor,unknown,unknown,Low,9,OpenStreetMap,2026-06-09
inzira_10923626405,Ituze lodge,Karongi,Western Province,-2.0690394,29.3478062,Lodging,accommodation,Expensive,Overnight,Indoor,unknown,unknown,Low,9,OpenStreetMap,2026-06-09
inzira_10924082305,Eco-lodges,Rusizi,Western Province,-2.4293478,29.0834219,Lodging,accommodation,Expensive,Overnight,Indoor,unknown,unknown,Low,9,OpenStreetMap,2026-06-09
inzira_10939017083,Nyungwe Hotel,Kicukiro,Kigali City,-1.996068,30.1420859,Lodging,accommodation,Expensive,Overnight,Indoor,unknown,unknown,Low,5,OpenStreetMap,2026-06-09
inzira_10939017084,Ma Boutique Hotel,Kicukiro,Kigali City,-1.9957247,30.1436396,Lodging,accommodation,Expensive,Overnight,Indoor,Website: https://www.maboutiquehotel.rw/,unknown,Medium,5,OpenStreetMap,2026-06-09
inzira_10939481563,Busanza,Kicukiro,Kigali City,-1.9790872,30.1527182,Lodging,accommodation,Moderate,Overnight,Indoor,unknown,unknown,Low,5,OpenStreetMap,2026-06-09
inzira_10989160243,Resident Hotel,Nyarugenge,Kigali City,-1.9401028,30.0477905,Lodging,accommodation,Expensive,Overnight,Indoor,unknown,unknown,Low,5,OpenStreetMap,2026-06-09
inzira_11002673505,Hotel Gloria,Nyarugenge,Kigali City,-1.9479262,30.0578388,Lodging,accommodation,Expensive,Overnight,Indoor,Phone: 0788 930 233 | Website: https://www.gloriahotelrwanda.com/,unknown,Medium,5,OpenStreetMap,2026-06-09
inzira_11027913505,Centre Pastoral Notre De Fatima,Musanze,Northern Province,-1.5018235,29.6376268,Lodging,accommodation,Expensive,Overnight,Indoor,unknown,unknown,Low,9,OpenStreetMap,2026-06-09
inzira_11028024905,Classic Lodge,Musanze,Northern Province,-1.5581782,29.6323232,Lodging,accommodation,Expensive,Overnight,Indoor,Phone: +250788352476 | Website: https://www.classicresortlodge.com/,unknown,Medium,9,OpenStreetMap,2026-06-09
inzira_11037881139,Wilderness Bisate,Musanze,Northern Province,-1.4440986,29.5257863,Lodging,accommodation,Expensive,Overnight,Indoor,Website: https://www.wildernessdestinations.com,unknown,Medium,9,OpenStreetMap,2026-06-09
inzira_11091180231,Picnic Spot,Gatsibo,Eastern Province,-1.5025032,30.6517535,Attraction,explore,unknown,unknown,Mixed,unknown,unknown,Low,9,OpenStreetMap,2026-06-09
inzira_11174491592,Chez Maridadi,Gasabo,Kigali City,-1.9710783,30.2481283,Lodging,accommodation,Moderate,Overnight,Indoor,Phone: +250788583476 | Email: maridadieugene@gmail.com,unknown,Medium,5,OpenStreetMap,2026-06-09
inzira_11197448450,M Hotel,Nyarugenge,Kigali City,-1.9498533,30.0728897,Lodging,accommodation,Expensive,Overnight,Indoor,unknown,unknown,Low,5,OpenStreetMap,2026-06-09
inzira_11216085437,Art objects,Musanze,Northern Province,-1.4313897,29.5975728,Attraction,explore,unknown,unknown,Mixed,unknown,unknown,Low,9,OpenStreetMap,2026-06-09
inzira_11216158837,African Art Gallery,Rubavu,Western Province,-1.70306,29.261591,Arts & Entertainment,art,unknown,2-3 hours,Indoor,unknown,unknown,Low,9,OpenStreetMap,2026-06-09
inzira_11217814038,Kivu art gallery,Rubavu,Western Province,-1.7022362,29.2598131,Attraction,explore,unknown,unknown,Mixed,unknown,unknown,Low,9,OpenStreetMap,2026-06-09
inzira_11217822037,Tourist office,Rubavu,Western Province,-1.7022283,29.2599551,Attraction,explore,unknown,unknown,Mixed,unknown,unknown,Low,9,OpenStreetMap,2026-06-09
inzira_11227506237,Fleur Guest House,Nyarugenge,Kigali City,-1.9443224,30.0680094,Lodging,accommodation,Moderate,Overnight,Indoor,unknown,unknown,Low,5,OpenStreetMap,2026-06-09
inzira_11229084637,Tommys Budget Rooms,Nyarugenge,Kigali City,-1.9977322,30.052213,Lodging,"accommodation, wifi",Expensive,Overnight,Indoor,Phone: +250785375188,unknown,Medium,5,OpenStreetMap,2026-06-09
inzira_11231060937,Nyungwe Ecovillage,Nyaruguru,Southern Province,-2.5264773,29.4146223,Lodging,accommodation,Expensive,Overnight,Indoor,unknown,unknown,Low,9,OpenStreetMap,2026-06-09
inzira_11231061037,Kitabu Eco Centre,Nyaruguru,Southern Province,-2.525537,29.4132214,Lodging,accommodation,Moderate,Overnight,Indoor,unknown,unknown,Low,9,OpenStreetMap,2026-06-09
inzira_11233546337,PAROISSE SAINT JEAN PAUL II,Kicukiro,Kigali City,-1.9772583,30.1682991,Attraction,explore,unknown,unknown,Mixed,unknown,unknown,Low,5,OpenStreetMap,2026-06-09
inzira_11245504437,Seventh Day Adventist Church,Huye,Southern Province,-2.6133481,29.7387323,Attraction,explore,unknown,unknown,Mixed,unknown,unknown,Low,9,OpenStreetMap,2026-06-09
inzira_11245540738,Eglise Ste. Therese,Huye,Southern Province,-2.5922659,29.74435,Attraction,explore,unknown,unknown,Mixed,unknown,unknown,Low,9,OpenStreetMap,2026-06-09
inzira_11251390037,Gloria Hotel,Rusizi,Western Province,-2.4852326,28.9147618,Lodging,accommodation,Expensive,Overnight,Indoor,Phone: +250786103538,unknown,Medium,9,OpenStreetMap,2026-06-09
inzira_11327897338,Quality Inn Nyanza,Nyanza,Southern Province,-2.349929,29.7581035,Lodging,accommodation,Expensive,Overnight,Indoor,Phone: +250 (790) 927763,unknown,Medium,9,OpenStreetMap,2026-06-09
inzira_11327904765,Nena House,Nyanza,Southern Province,-2.4678096,29.7835128,Lodging,accommodation,Expensive,Overnight,Indoor,unknown,unknown,Low,9,OpenStreetMap,2026-06-09
inzira_11338455402,KABA Guesthouse,Kicukiro,Kigali City,-1.9760924,30.1158401,Lodging,accommodation,Moderate,Overnight,Indoor,Website: https://www.airbnb.com/rooms/50793130?source_impression_id=p3_1699623566_LdWaBZ%2Fgl5OEPxMD&modal=PHOTO_TOUR_SCROLLABLE,unknown,Medium,5,OpenStreetMap,2026-06-09
inzira_11339141906,Gorilla Home Stay,Nyarugenge,Kigali City,-1.9549075,30.0810117,Lodging,accommodation,Moderate,Overnight,Indoor,Phone: +250 078 864 0859 | Email: gorillahomestay@gmail.com,unknown,Medium,5,OpenStreetMap,2026-06-09
inzira_11381676669,Kamabuye village,Bugesera,Eastern Province,-2.3739345,30.1351734,Attraction,explore,unknown,unknown,Mixed,unknown,unknown,Low,9,OpenStreetMap,2026-06-09
inzira_11396263969,Jacksons guesthouse,Karongi,Western Province,-2.2556668,29.3451259,Lodging,accommodation,Expensive,Overnight,Indoor,unknown,unknown,Low,9,OpenStreetMap,2026-06-09
inzira_11396273469,Rebero Kivu Resort,Karongi,Western Province,-2.0596906,29.3478915,Lodging,accommodation,Expensive,Overnight,Indoor,unknown,unknown,Medium,9,OpenStreetMap,2026-06-09
inzira_11417046185,Bumba Base Camp,Rutsiro,Western Province,-1.9798566,29.3898252,Lodging,accommodation,Moderate,Overnight,Indoor,unknown,unknown,Low,9,OpenStreetMap,2026-06-09
inzira_11422774069,Rutete Eco Lodge,Kayonza,Eastern Province,-1.9701753,30.6107743,Lodging,accommodation,Expensive,Overnight,Indoor,unknown,unknown,Low,9,OpenStreetMap,2026-06-09
inzira_11426715969,Shammah motel,Kicukiro,Kigali City,-1.9944532,30.1921479,Lodging,accommodation,Expensive,Overnight,Indoor,unknown,unknown,Low,5,OpenStreetMap,2026-06-09
inzira_11542300570,Palast Rock Hotel,Bugesera,Eastern Province,-2.1496217,30.090384,Lodging,accommodation,Expensive,Overnight,Indoor,unknown,unknown,Low,9,OpenStreetMap,2026-06-09
inzira_11560274269,Bamboo Inn,Musanze,Northern Province,-1.5049189,29.6425729,Lodging,accommodation,Expensive,Overnight,Indoor,unknown,unknown,Low,9,OpenStreetMap,2026-06-09
inzira_11576966140,Clement Motel,Rutsiro,Western Province,-1.8955298,29.3428282,Lodging,accommodation,Expensive,Overnight,Indoor,unknown,unknown,Low,9,OpenStreetMap,2026-06-09
inzira_11610878449,Kivu Macheo Eco Lodge,Karongi,Western Province,-2.0588871,29.3496591,Lodging,accommodation,Moderate,Overnight,Indoor,unknown,unknown,Low,9,OpenStreetMap,2026-06-09
inzira_11651188181,Centre dAccueil Saint Franois dAssise,Kicukiro,Kigali City,-1.9665925,30.0893404,Lodging,accommodation,Moderate,Overnight,Indoor,unknown,unknown,Low,5,OpenStreetMap,2026-06-09
inzira_11651402113,Htel Al-Tawakal,Nyagatare,Eastern Province,-1.0554139,30.4568209,Lodging,accommodation,Expensive,Overnight,Indoor,unknown,unknown,Low,9,OpenStreetMap,2026-06-09
inzira_11671814147,ibuye rya bagenge,Gakenke,Northern Province,-1.645844,29.7884553,Attraction,explore,unknown,unknown,Mixed,unknown,unknown,Low,9,OpenStreetMap,2026-06-09
inzira_11722166407,Risiga Highland Resort,Rulindo,Northern Province,-1.8079684,29.9334123,Lodging,accommodation,Expensive,Overnight,Indoor,unknown,unknown,Low,9,OpenStreetMap,2026-06-09
inzira_11726841338,Diane Fossey Site - Bisoke Crater Lake,Musanze,Northern Province,-1.4688045,29.4998319,Attraction,explore,unknown,unknown,Mixed,unknown,unknown,Low,9,OpenStreetMap,2026-06-09
inzira_11755444756,Ahera Forest Farm,Gasabo,Kigali City,-1.8805828,30.1120944,Lodging,accommodation,Moderate,Overnight,Indoor,unknown,unknown,Low,5,OpenStreetMap,2026-06-09
inzira_11971129769,Apartment 2,Kicukiro,Kigali City,-1.9925841,30.0744054,Lodging,accommodation,Expensive,Overnight,Indoor,unknown,unknown,Low,5,OpenStreetMap,2026-06-09
inzira_11977461369,Sunrise Spot,Karongi,Western Province,-2.0507269,29.3485961,Scenic Viewpoints,viewpoint,Budget,30-60 mins,Outdoor,unknown,unknown,Low,10,OpenStreetMap,2026-06-09
inzira_12000383771,DAR Office NBIA,Bugesera,Eastern Province,-2.1500211,30.1789568,Attraction,explore,unknown,unknown,Mixed,unknown,unknown,Low,9,OpenStreetMap,2026-06-09
inzira_12000391069,LLWS East,Bugesera,Eastern Province,-2.1441361,30.1929676,Attraction,explore,unknown,unknown,Mixed,unknown,unknown,Low,9,OpenStreetMap,2026-06-09
inzira_12071218091,Start of the Kamiranzovu Trail,Nyamasheke,Western Province,-2.4901457,29.1541582,Attraction,explore,unknown,unknown,Mixed,unknown,unknown,Low,9,OpenStreetMap,2026-06-09
inzira_12071218094,End of the Umugote Trail,Nyamasheke,Western Province,-2.4895709,29.1932608,Attraction,explore,unknown,unknown,Mixed,unknown,unknown,Low,9,OpenStreetMap,2026-06-09
inzira_12071218095,Start of the Bigugu trail,Nyamasheke,Western Province,-2.4735584,29.2398333,Attraction,explore,unknown,unknown,Mixed,unknown,unknown,Low,9,OpenStreetMap,2026-06-09
inzira_12071218096,Start of the Nyabishwati trail,Nyamasheke,Western Province,-2.474653,29.2420918,Attraction,explore,unknown,unknown,Mixed,unknown,unknown,Low,9,OpenStreetMap,2026-06-09
inzira_12099095021,Akagera Transit Lodge,Kayonza,Eastern Province,-1.9276243,30.6741678,Lodging,"accommodation, wifi",Expensive,Overnight,Indoor,Website: https://akageratransitlodge.com/,unknown,Medium,9,OpenStreetMap,2026-06-09
inzira_12101057956,Les Calaos Rsidences,Kicukiro,Kigali City,-1.9896705,30.1925429,Attraction,explore,unknown,unknown,Mixed,unknown,unknown,Low,5,OpenStreetMap,2026-06-09
inzira_12101883878,Sunflower Homes Villa,Gasabo,Kigali City,-1.9285719,30.1157159,Lodging,accommodation,Expensive,Overnight,Indoor,unknown,unknown,Low,5,OpenStreetMap,2026-06-09
inzira_12101883879,Ibi Villa Retreat,Gasabo,Kigali City,-1.9284307,30.1155394,Lodging,accommodation,Expensive,Overnight,Indoor,unknown,unknown,Low,5,OpenStreetMap,2026-06-09
inzira_12102043391,Musanze Karibu Stay,Musanze,Northern Province,-1.5010439,29.6255501,Lodging,accommodation,Moderate,Overnight,Indoor,unknown,unknown,Low,9,OpenStreetMap,2026-06-09
inzira_12196872602,Makeri Residence,Musanze,Northern Province,-1.5037223,29.6497837,Lodging,"accommodation, wifi",Expensive,Overnight,Indoor,Phone: +250 781 097 582 | Website: https://makeriresidence.com/,unknown,Medium,9,OpenStreetMap,2026-06-09
inzira_12253598006,Nziza View,Nyarugenge,Kigali City,-1.9216097,30.0718301,Lodging,"accommodation, wifi",Expensive,Overnight,Indoor,unknown,unknown,Low,5,OpenStreetMap,2026-06-09
inzira_12383871192,Light House Hotel,Huye,Southern Province,-2.6200033,29.7422868,Lodging,accommodation,Expensive,Overnight,Indoor,Website: https://www.lighthouserwanda.com/,unknown,Medium,9,OpenStreetMap,2026-06-09
inzira_12453247745,Inyenyeri Guest House,Gicumbi,Northern Province,-1.6236922,30.2194246,Lodging,accommodation,Moderate,Overnight,Indoor,unknown,unknown,Low,9,OpenStreetMap,2026-06-09
inzira_12513897201,Yambi Hotel,Nyarugenge,Kigali City,-1.9847191,30.0733693,Lodging,accommodation,Moderate,Overnight,Indoor,unknown,unknown,Low,5,OpenStreetMap,2026-06-09
inzira_12536806901,Guest House and Bar,Bugesera,Eastern Province,-2.2051486,30.2389213,Lodging,accommodation,Moderate,Overnight,Indoor,unknown,unknown,Low,9,OpenStreetMap,2026-06-09
inzira_12541052701,Sake Beach Bar and Guest House,Ngoma,Eastern Province,-2.2002793,30.3627024,Lodging,accommodation,Moderate,Overnight,Indoor,unknown,unknown,Low,9,OpenStreetMap,2026-06-09
inzira_12863140174,Dereva,Rwamagana,Eastern Province,-1.9495073,30.438703,Lodging,accommodation,Expensive,Overnight,Indoor,unknown,unknown,Low,9,OpenStreetMap,2026-06-09
inzira_13075982468,"Zaria Court Kigali, Tapestry Collection by Hilton",Kicukiro,Kigali City,-1.957488,30.1120156,Lodging,"accommodation, wifi",Expensive,Overnight,Indoor,Phone: +250 788 156 100 | Website: https://www.hilton.com/en/hotels/kglzcup-zaria-court-kigali/ | Email: reservations@zariacourt.com,unknown,Medium,5,OpenStreetMap,2026-06-09
inzira_13087240517,Baobab Hotel,Nyarugenge,Kigali City,-1.975437,30.042984,Lodging,accommodation,Expensive,Overnight,Indoor,unknown,unknown,Low,5,OpenStreetMap,2026-06-09
inzira_13092804238,Akagera Able Lodge,Kayonza,Eastern Province,-1.9292504,30.6721526,Lodging,accommodation,Moderate,Overnight,Indoor,Phone: +250 781 409 190,unknown,Medium,9,OpenStreetMap,2026-06-09
inzira_13148829142,Explorers Paradise,Karongi,Western Province,-2.0488618,29.3430638,Attraction,explore,unknown,unknown,Mixed,Phone: +250 788 305 985 | Website: https://www.airbnb.nl/rooms/38546833,unknown,Medium,9,OpenStreetMap,2026-06-09
inzira_13149674625,Palega Beach Inn,Rutsiro,Western Province,-1.8988468,29.2782114,Lodging,accommodation,Expensive,Overnight,Indoor,Phone: +250 786 347 466 | Website: https://www.palega-beach-inn.com/,unknown,Medium,9,OpenStreetMap,2026-06-09
inzira_13153390843,Susa Gardens Resort Campsite,Musanze,Northern Province,-1.5087194,29.6220267,Lodging,accommodation,Moderate,Overnight,Indoor,Phone: +250786130914 | Website: https://www.susagardens.com/,unknown,Medium,9,OpenStreetMap,2026-06-09
inzira_13174897919,Ngarama Rock,Gicumbi,Northern Province,-1.5352079,30.2409205,Attraction,explore,unknown,unknown,Mixed,unknown,unknown,Low,9,OpenStreetMap,2026-06-09
inzira_13180150648,Irebero Boutique Hotel,Huye,Southern Province,-2.587597,29.7509367,Lodging,accommodation,Expensive,Overnight,Indoor,unknown,unknown,Low,9,OpenStreetMap,2026-06-09
inzira_13238837181,Hotel Maisons-Sifa,Huye,Southern Province,-2.5882773,29.7545069,Lodging,accommodation,Expensive,Overnight,Indoor,unknown,unknown,Low,9,OpenStreetMap,2026-06-09
inzira_13261577921,Lujo Motel,Bugesera,Eastern Province,-2.1929516,30.1145308,Lodging,accommodation,Expensive,Overnight,Indoor,unknown,unknown,Low,9,OpenStreetMap,2026-06-09
inzira_13333636101,Holy kand resort,Musanze,Northern Province,-1.5140876,29.6371204,Lodging,accommodation,Expensive,Overnight,Indoor,unknown,unknown,Low,9,OpenStreetMap,2026-06-09
inzira_13340456302,blessington motel,Rubavu,Western Province,-1.6964313,29.2588476,Lodging,accommodation,Expensive,Overnight,Indoor,unknown,unknown,Low,9,OpenStreetMap,2026-06-09
inzira_13348518301,Venus Apartment,Kicukiro,Kigali City,-1.9823306,30.1793384,Attraction,explore,unknown,unknown,Mixed,Phone: +250 788 586 215 | Email: venantt@yahoo.com,unknown,Medium,5,OpenStreetMap,2026-06-09
inzira_13364376730,Volcan guest House,Nyarugenge,Kigali City,-1.944,30.062,Lodging,accommodation,Moderate,Overnight,Indoor,unknown,unknown,Low,5,OpenStreetMap,2026-06-09
inzira_13377638032,Gatenga Base Camp,Karongi,Western Province,-1.9668025,29.4866595,Lodging,accommodation,Moderate,Overnight,Indoor,unknown,unknown,Low,9,OpenStreetMap,2026-06-09
inzira_13393165054,La Locanda,Musanze,Northern Province,-1.5002435,29.6287962,Lodging,accommodation,Expensive,Overnight,Indoor,unknown,unknown,Low,9,OpenStreetMap,2026-06-09
inzira_13398148421,Volcano Guest,Musanze,Northern Province,-1.5002937,29.6147655,Lodging,accommodation,Expensive,Overnight,Indoor,unknown,unknown,Low,9,OpenStreetMap,2026-06-09
inzira_13526989887,Quiet Haven Hotel,Nyanza,Southern Province,-2.3569801,29.749737,Lodging,accommodation,Expensive,Overnight,Indoor,unknown,unknown,Low,9,OpenStreetMap,2026-06-09
inzira_13587568501,Kalih Villa,Kicukiro,Kigali City,-1.9602105,30.1050041,Lodging,accommodation,Expensive,Overnight,Indoor,unknown,unknown,Low,5,OpenStreetMap,2026-06-09
inzira_13751770067,Akagera Safari,Nyarugenge,Kigali City,-1.9456121,30.0611493,Attraction,explore,unknown,unknown,Mixed,Phone: +250784431757 | Website: https://akagerasafari.com | Email: reservations@akagerasafari.com,unknown,Medium,5,OpenStreetMap,2026-06-09
inzira_13751851164,Rwanda Safari,Nyarugenge,Kigali City,-1.9461854,30.0921738,Attraction,explore,unknown,unknown,Mixed,Website: https://rwandasafari.com | Email: reservations@rwandasafari.com,unknown,Medium,5,OpenStreetMap,2026-06-09
inzira_13805044168,EL CLASSICO Apartment,Rubavu,Western Province,-1.7354245,29.2775448,Attraction,explore,unknown,unknown,Mixed,Phone: +250798346592 | Email: elclassicoapartement@gmail.com,unknown,Medium,9,OpenStreetMap,2026-06-09
inzira_25796157,Kigali Genocide Memorial,Nyarugenge,Kigali City,-1.9312656,30.0601667,Cultural & Historic,"history, culture",Moderate,2-3 hours,Mixed,unknown,unknown,Low,6,OpenStreetMap,2026-06-09
inzira_56299636,Orange Courts Hotel,Nyarugenge,Kigali City,-1.942667,30.086406,Lodging,accommodation,Expensive,Overnight,Indoor,unknown,unknown,Low,5,OpenStreetMap,2026-06-09
inzira_106280233,Htel des Mille Collines,Nyarugenge,Kigali City,-1.9470832,30.0619041,Lodging,"accommodation, wifi",Expensive,Overnight,Indoor,unknown,unknown,Medium,5,OpenStreetMap,2026-06-09
inzira_116771491,Nobilis Appartments,Nyarugenge,Kigali City,-1.9512103,30.0687735,Lodging,accommodation,Expensive,Overnight,Indoor,unknown,unknown,Low,5,OpenStreetMap,2026-06-09
inzira_137838061,Oxygen Restaurant & Bar,Nyarugenge,Kigali City,-1.9416316,30.061587,Lodging,accommodation,Expensive,Overnight,Indoor,unknown,unknown,Low,5,OpenStreetMap,2026-06-09
inzira_173152817,Residence PRIMA 2000,Nyarugenge,Kigali City,-1.945107,30.0889258,Lodging,accommodation,Expensive,Overnight,Indoor,unknown,unknown,Low,5,OpenStreetMap,2026-06-09
inzira_173302627,Cerena motel,Kicukiro,Kigali City,-1.964407,30.1023745,Lodging,accommodation,Expensive,Overnight,Indoor,unknown,unknown,Low,5,OpenStreetMap,2026-06-09
inzira_173306040,Htel Chez Lando,Kicukiro,Kigali City,-1.959311,30.108313,Lodging,"accommodation, accessible",Expensive,Overnight,Indoor,Website: http://hotelchezlando.com,unknown,High,3,OpenStreetMap,2026-06-09
inzira_173306300,Bella Villa Appartments,Nyarugenge,Kigali City,-1.939192,30.0786564,Lodging,accommodation,Moderate,Overnight,Indoor,unknown,unknown,Low,5,OpenStreetMap,2026-06-09
inzira_173307225,Nobleza Hotel,Kicukiro,Kigali City,-1.9990148,30.0952244,Lodging,accommodation,Expensive,Overnight,Indoor,unknown,unknown,Low,5,OpenStreetMap,2026-06-09
inzira_173307319,Nobleza Hotel,Kicukiro,Kigali City,-1.9986769,30.0958979,Lodging,accommodation,Expensive,Overnight,Indoor,unknown,unknown,Low,5,OpenStreetMap,2026-06-09
inzira_173307520,Town View Guest House,Nyarugenge,Kigali City,-1.9399865,30.0775491,Lodging,accommodation,Moderate,Overnight,Indoor,unknown,unknown,Low,5,OpenStreetMap,2026-06-09
inzira_173314762,"KARISIMBI Restaurant, Bar & Catering Services",Nyarugenge,Kigali City,-1.9427429,30.0860437,Lodging,accommodation,Moderate,Overnight,Indoor,unknown,unknown,Low,5,OpenStreetMap,2026-06-09
inzira_173315613,GRACE HOTEL,Nyarugenge,Kigali City,-1.9643249,30.0617374,Lodging,accommodation,Expensive,Overnight,Indoor,unknown,unknown,Low,5,OpenStreetMap,2026-06-09
inzira_177859339,Gorillas Golf,Kicukiro,Kigali City,-1.9459809,30.1048873,Lodging,accommodation,Expensive,Overnight,Indoor,unknown,unknown,Medium,5,OpenStreetMap,2026-06-09
inzira_177860134,Zenith Hotel,Nyarugenge,Kigali City,-1.9522858,30.0822347,Lodging,accommodation,Expensive,Overnight,Indoor,unknown,unknown,Low,5,OpenStreetMap,2026-06-09
inzira_178760698,Hotel Malahide Paradis,Rubavu,Western Province,-1.7338695,29.2733354,Lodging,accommodation,Expensive,Overnight,Indoor,unknown,unknown,Medium,9,OpenStreetMap,2026-06-09
inzira_180716466,Legend Hotel,Nyarugenge,Kigali City,-1.932193,30.0726091,Lodging,accommodation,Expensive,Overnight,Indoor,unknown,unknown,Medium,5,OpenStreetMap,2026-06-09
inzira_199189024,Sinlac Hostel,Rusizi,Western Province,-2.5144546,28.8760748,Lodging,accommodation,Moderate,Overnight,Indoor,unknown,unknown,Low,9,OpenStreetMap,2026-06-09
inzira_202379661,Okapi Hotel,Nyarugenge,Kigali City,-1.9410746,30.0611574,Lodging,"accommodation, wifi",Expensive,Overnight,Indoor,Phone: +250 252 571 667 | Website: http://www.okapihotelrwanda.com/ | Email: reservations@okapihotelrwanda.com,unknown,Medium,5,OpenStreetMap,2026-06-09
inzira_206600845,Park View Courts,Kicukiro,Kigali City,-1.9456615,30.1029731,Lodging,accommodation,Expensive,Overnight,Indoor,unknown,unknown,Low,5,OpenStreetMap,2026-06-09
inzira_206601670,Four Seasons Residence,Gasabo,Kigali City,-1.9291814,30.0993914,Lodging,"accommodation, wifi",Moderate,Overnight,Indoor,unknown,unknown,Low,5,OpenStreetMap,2026-06-09
inzira_206841449,Luxury Hotel,Gasabo,Kigali City,-1.9358765,30.1322417,Lodging,accommodation,Expensive,Overnight,Indoor,unknown,unknown,Low,5,OpenStreetMap,2026-06-09
inzira_206841680,Auberge Bel Angle,Gasabo,Kigali City,-1.9367196,30.1300665,Lodging,accommodation,Expensive,Overnight,Indoor,unknown,unknown,Low,5,OpenStreetMap,2026-06-09
inzira_206842140,Htel Le Printemps,Kicukiro,Kigali City,-1.9490467,30.1248444,Lodging,accommodation,Expensive,Overnight,Indoor,unknown,unknown,Low,5,OpenStreetMap,2026-06-09
inzira_206842169,Freedom Hotel,Gasabo,Kigali City,-1.9409319,30.1295217,Lodging,accommodation,Expensive,Overnight,Indoor,unknown,unknown,Low,5,OpenStreetMap,2026-06-09
inzira_206842837,Sportsview Hotel,Kicukiro,Kigali City,-1.9544391,30.1124078,Lodging,accommodation,Expensive,Overnight,Indoor,unknown,unknown,Low,5,OpenStreetMap,2026-06-09
inzira_206842851,Woodland Hotel,Gasabo,Kigali City,-1.9425093,30.129742,Lodging,accommodation,Expensive,Overnight,Indoor,unknown,unknown,Low,5,OpenStreetMap,2026-06-09
inzira_206842861,The Promise Motel,Gasabo,Kigali City,-1.9485378,30.1255753,Lodging,accommodation,Expensive,Overnight,Indoor,unknown,unknown,Low,5,OpenStreetMap,2026-06-09
inzira_206843369,Isano,Nyarugenge,Kigali City,-1.9619224,30.075693,Lodging,accommodation,Moderate,Overnight,Indoor,unknown,unknown,Low,5,OpenStreetMap,2026-06-09
inzira_212725136,Kigali zoo for Moussa,Nyarugenge,Kigali City,-1.968381,30.0550631,Attraction,explore,unknown,unknown,Mixed,unknown,unknown,Low,5,OpenStreetMap,2026-06-09
inzira_214206529,Manor Hotel,Gasabo,Kigali City,-1.9324207,30.0974777,Lodging,accommodation,Expensive,Overnight,Indoor,unknown,unknown,Low,5,OpenStreetMap,2026-06-09
inzira_234998393,Isimbi,Nyarugenge,Kigali City,-1.9493,30.0588281,Lodging,"accommodation, wifi",Expensive,Overnight,Indoor,Phone: +(250) 252572581 | Website: http://www.hotelisimbi.com/ | Email: hotelisimbi@hotmail.com,unknown,Medium,5,OpenStreetMap,2026-06-09
inzira_237255480,Cana Notre Dame des Anges,Huye,Southern Province,-2.6063131,29.7437475,Lodging,accommodation,Moderate,Overnight,Indoor,unknown,unknown,Low,9,OpenStreetMap,2026-06-09
inzira_237255495,Emmaus Hostel,Huye,Southern Province,-2.5951053,29.7448089,Lodging,accommodation,Moderate,Overnight,Indoor,unknown,unknown,Low,9,OpenStreetMap,2026-06-09
inzira_237255630,Huye Conference Center Ltd.,Huye,Southern Province,-2.5945894,29.7471424,Lodging,"accommodation, wifi",Expensive,Overnight,Indoor,unknown,unknown,Low,9,OpenStreetMap,2026-06-09
inzira_237255637,Mre du Verbe,Huye,Southern Province,-2.6049574,29.7425391,Lodging,accommodation,Moderate,Overnight,Indoor,unknown,unknown,Low,9,OpenStreetMap,2026-06-09
inzira_237255640,Ethnographic Museum,Huye,Southern Province,-2.5887242,29.7452441,Cultural & Historic,"history, culture",Moderate,2-3 hours,Mixed,Website: http://museum.gov.rw,unknown,High,7,OpenStreetMap,2026-06-09
inzira_237256550,Four Steps (Le Petit Prince),Huye,Southern Province,-2.5931143,29.7477741,Lodging,accommodation,Expensive,Overnight,Indoor,unknown,unknown,Low,9,OpenStreetMap,2026-06-09
inzira_257835494,COLIBRI TAVERNE,Rubavu,Western Province,-1.6958838,29.2521571,Lodging,accommodation,Moderate,Overnight,Indoor,Website: https://www.facebook.com/colibri.tavern.gisenyi,unknown,Medium,9,OpenStreetMap,2026-06-09
inzira_260588324,Virunga Lodge,Burera,Northern Province,-1.446941,29.7413825,Lodging,accommodation,Expensive,Overnight,Indoor,Website: https://volcanoessafaris.com/virunga-lodge-rwanda/,unknown,Medium,9,OpenStreetMap,2026-06-09
inzira_261593754,Gorillas Lake,Rubavu,Western Province,-1.6993042,29.2552448,Lodging,accommodation,Expensive,Overnight,Indoor,unknown,unknown,Low,9,OpenStreetMap,2026-06-09
inzira_261808347,Red Rocks Campsite,Musanze,Northern Province,-1.560467,29.6360698,Lodging,accommodation,Moderate,Overnight,Indoor,unknown,unknown,Low,9,OpenStreetMap,2026-06-09
inzira_262676419,Rwanda Art Museum,Kicukiro,Kigali City,-1.9752851,30.1730225,Cultural & Historic,"history, culture",Moderate,2-3 hours,Mixed,unknown,unknown,Medium,5,OpenStreetMap,2026-06-09
inzira_262676444,Crashed Plane,Kicukiro,Kigali City,-1.9755106,30.1741678,Attraction,explore,unknown,unknown,Mixed,unknown,unknown,Low,5,OpenStreetMap,2026-06-09
inzira_329058437,Centre dAccueil Mater Boni Consilii,Huye,Southern Province,-2.59694,29.7475619,Lodging,accommodation,Moderate,Overnight,Indoor,unknown,unknown,Low,9,OpenStreetMap,2026-06-09
inzira_331591939,Four Seasons Hotel,Gasabo,Kigali City,-1.9230532,30.0933737,Lodging,accommodation,Expensive,Overnight,Indoor,unknown,unknown,Low,5,OpenStreetMap,2026-06-09
inzira_333596941,Hotel Mont Huye,Huye,Southern Province,-2.602225,29.7418138,Lodging,accommodation,Expensive,Overnight,Indoor,unknown,unknown,Low,9,OpenStreetMap,2026-06-09
inzira_359547489,TR Companion,Nyarugenge,Kigali City,-1.9489903,30.0870813,Lodging,accommodation,Moderate,Overnight,Indoor,unknown,unknown,Low,5,OpenStreetMap,2026-06-09
inzira_378033141,Macadamia Hotel,Kicukiro,Kigali City,-2.0014162,30.0954597,Lodging,accommodation,Expensive,Overnight,Indoor,unknown,unknown,Low,5,OpenStreetMap,2026-06-09
inzira_382844160,Ecolodge,Kayonza,Eastern Province,-1.9201287,30.4950086,Lodging,accommodation,Expensive,Overnight,Indoor,unknown,unknown,Low,9,OpenStreetMap,2026-06-09
inzira_382864265,Discover Rwanda,Rubavu,Western Province,-1.7021033,29.2586047,Lodging,accommodation,Moderate,Overnight,Indoor,unknown,unknown,Low,9,OpenStreetMap,2026-06-09
inzira_404986359,Akagera Game Lodge,Kayonza,Eastern Province,-1.8742218,30.7149851,Lodging,accommodation,Expensive,Overnight,Indoor,Phone: +250 785201206 | Website: https://www.akageralodge.com/,unknown,Medium,9,OpenStreetMap,2026-06-09
inzira_404989568,Akagera National Park Visitor Centre,Kayonza,Eastern Province,-1.8784784,30.7036202,Attraction,explore,unknown,unknown,Mixed,unknown,unknown,Low,9,OpenStreetMap,2026-06-09
inzira_439163044,Logements Barthos,Huye,Southern Province,-2.6131225,29.7394579,Lodging,accommodation,Moderate,Overnight,Indoor,unknown,unknown,Low,9,OpenStreetMap,2026-06-09
inzira_461384913,St. Benois Convent and Guest House,Rubavu,Western Province,-1.7492059,29.2775023,Lodging,accommodation,Moderate,Overnight,Indoor,unknown,unknown,Low,9,OpenStreetMap,2026-06-09
inzira_466490861,Solace Ministries,Nyarugenge,Kigali City,-1.9443811,30.0914499,Lodging,accommodation,Moderate,Overnight,Indoor,unknown,unknown,Low,5,OpenStreetMap,2026-06-09
inzira_506234715,VietteA,Huye,Southern Province,-2.615046,29.7426405,Lodging,accommodation,Moderate,Overnight,Indoor,unknown,unknown,Low,9,OpenStreetMap,2026-06-09
inzira_506280278,VietteB,Huye,Southern Province,-2.6151123,29.7431193,Lodging,accommodation,Moderate,Overnight,Indoor,unknown,unknown,Low,9,OpenStreetMap,2026-06-09
inzira_506281558,VietteC,Huye,Southern Province,-2.6151812,29.743617,Lodging,accommodation,Moderate,Overnight,Indoor,unknown,unknown,Low,9,OpenStreetMap,2026-06-09
inzira_586585208,Tugende,Kicukiro,Kigali City,-1.9560178,30.0958804,Lodging,accommodation,Moderate,Overnight,Indoor,unknown,unknown,Low,5,OpenStreetMap,2026-06-09
inzira_589455708,Rufrabu,Ngororero,Western Province,-1.8517667,29.6332697,Lodging,accommodation,Expensive,Overnight,Indoor,unknown,unknown,Low,9,OpenStreetMap,2026-06-09
inzira_637667697,Hill View Hotel,Nyarugenge,Kigali City,-1.9454707,30.0637574,Lodging,accommodation,Expensive,Overnight,Indoor,Phone: +250783462500,unknown,Medium,5,OpenStreetMap,2026-06-09
inzira_670465143,Sorwathe Tea Factory Guest House,Rulindo,Northern Province,-1.6747605,29.9785437,Lodging,accommodation,Moderate,Overnight,Indoor,Website: https://web.facebook.com/Sorwathe-Tea-Factory-Plantation-348410791844096/,unknown,Medium,9,OpenStreetMap,2026-06-09
inzira_721514996,Kinunu Wonders Guest House,Rutsiro,Western Province,-1.90438,29.2799205,Lodging,accommodation,Moderate,Overnight,Indoor,unknown,unknown,Low,9,OpenStreetMap,2026-06-09
inzira_725809308,Cyimbiri Guest House,Rubavu,Western Province,-1.829451,29.2906343,Lodging,accommodation,Moderate,Overnight,Indoor,unknown,unknown,Low,9,OpenStreetMap,2026-06-09
inzira_765168412,Dusaidi Hostel,Nyarugenge,Kigali City,-1.9551983,30.0640323,Lodging,accommodation,Moderate,Overnight,Indoor,unknown,unknown,Low,5,OpenStreetMap,2026-06-09
inzira_765191663,Lecturer Hostel,Nyarugenge,Kigali City,-1.9634023,30.0636453,Lodging,accommodation,Moderate,Overnight,Indoor,unknown,unknown,Low,5,OpenStreetMap,2026-06-09
inzira_779312818,Jangwe Lodge,Muhanga,Southern Province,-2.1422395,29.7834691,Lodging,accommodation,Expensive,Overnight,Indoor,unknown,unknown,Low,9,OpenStreetMap,2026-06-09
inzira_781719533,Marriott,Nyarugenge,Kigali City,-1.9536145,30.0625069,Lodging,accommodation,Expensive,Overnight,Indoor,Phone: +250 222 111 111 | Website: https://www.marriott.com/kglmc,unknown,High,3,OpenStreetMap,2026-06-09
inzira_907125414,Kivu Lodge,Karongi,Western Province,-2.1462669,29.2566605,Lodging,accommodation,Expensive,Overnight,Indoor,unknown,unknown,Low,9,OpenStreetMap,2026-06-09
inzira_911019966,Executive suites,Nyarugenge,Kigali City,-1.9508105,30.0605398,Lodging,accommodation,Expensive,Overnight,Indoor,Website: http://www.executivesuiteskigali.com/,unknown,Medium,5,OpenStreetMap,2026-06-09
inzira_953257725,East Gate Hotel,Ngoma,Eastern Province,-2.1379735,30.5557118,Lodging,accommodation,Expensive,Overnight,Indoor,unknown,unknown,Low,9,OpenStreetMap,2026-06-09
inzira_957585345,Four Points by Sheraton Kigali,Nyarugenge,Kigali City,-1.9553247,30.0615776,Lodging,accommodation,Expensive,Overnight,Indoor,unknown,unknown,Low,5,OpenStreetMap,2026-06-09
inzira_982301778,The Nest,Nyarugenge,Kigali City,-1.9535058,30.0824005,Lodging,accommodation,Expensive,Overnight,Indoor,unknown,unknown,Medium,5,OpenStreetMap,2026-06-09
inzira_1021793068,Resort meraude Kivu,Rusizi,Western Province,-2.4804544,28.8942063,Lodging,"accommodation, wifi",Expensive,Overnight,Indoor,unknown,unknown,Low,9,OpenStreetMap,2026-06-09
inzira_1030537438,Forest of Hope Guest House,Rubavu,Western Province,-1.8320073,29.35446,Lodging,accommodation,Moderate,Overnight,Indoor,unknown,unknown,Low,9,OpenStreetMap,2026-06-09
inzira_1068400522,Reception,Kicukiro,Kigali City,-1.9844508,30.2100623,Attraction,explore,unknown,unknown,Mixed,unknown,unknown,Low,5,OpenStreetMap,2026-06-09
inzira_1072266018,Home Free Hotel,Nyarugenge,Kigali City,-1.9521755,30.0842049,Lodging,accommodation,Expensive,Overnight,Indoor,unknown,unknown,Low,5,OpenStreetMap,2026-06-09
inzira_1085107809,Five to Five Hotel,Kicukiro,Kigali City,-1.9552509,30.1102989,Lodging,"accommodation, wifi",Expensive,Overnight,Indoor,unknown,unknown,Medium,5,OpenStreetMap,2026-06-09
inzira_1107972116,Great apartment hotel,Kicukiro,Kigali City,-1.9620278,30.1242802,Lodging,"accommodation, wifi",Expensive,Overnight,Indoor,Phone: +250 782 626 582 | Email: info@great-apartment.rw,unknown,Medium,5,OpenStreetMap,2026-06-09
inzira_1144309719,Inzozi Africa B&B,Nyarugenge,Kigali City,-1.9403357,30.0767245,Lodging,"accommodation, wifi",Expensive,Overnight,Indoor,Website: https://inzoziafrica.com/,unknown,Medium,5,OpenStreetMap,2026-06-09
inzira_1148563159,Grand Legacy,Kicukiro,Kigali City,-1.9605189,30.1127064,Lodging,accommodation,Expensive,Overnight,Indoor,Website: https://grandlegacy.rw,unknown,Medium,5,OpenStreetMap,2026-06-09
inzira_1175915332,Park Inn,Nyarugenge,Kigali City,-1.9515252,30.0706958,Lodging,accommodation,Expensive,Overnight,Indoor,unknown,unknown,Low,5,OpenStreetMap,2026-06-09
inzira_1207042497,Sainte Famille Hotel,Nyarugenge,Kigali City,-1.9441209,30.0638068,Lodging,accommodation,Expensive,Overnight,Indoor,Phone: +250 781 205 332;+250 784 180 076 | Website: https://saintefamillehotel.com/ | Email: reservation@saintefamillehotel.com,unknown,Medium,5,OpenStreetMap,2026-06-09
inzira_1228513704,Anti-Corruption Monument,Kicukiro,Kigali City,-1.9558082,30.0945238,Attraction,explore,unknown,unknown,Mixed,unknown,unknown,Medium,5,OpenStreetMap,2026-06-09
inzira_1242167474,Radisson Blu,Kicukiro,Kigali City,-1.9546703,30.0927555,Lodging,accommodation,Expensive,Overnight,Indoor,unknown,unknown,Low,5,OpenStreetMap,2026-06-09
inzira_1254224981,ALU Logo,Gasabo,Kigali City,-1.9300556,30.151823,Attraction,explore,unknown,unknown,Mixed,unknown,unknown,Low,5,OpenStreetMap,2026-06-09
inzira_1255577178,Iliza Kivu Village,Karongi,Western Province,-2.0631688,29.3432064,Lodging,accommodation,Moderate,Overnight,Indoor,unknown,unknown,Low,9,OpenStreetMap,2026-06-09
inzira_1269048200,"Kinigi, Vulcanoes NP",Musanze,Northern Province,-1.4326961,29.5990683,Lodging,accommodation,Moderate,Overnight,Indoor,unknown,unknown,Low,9,OpenStreetMap,2026-06-09
inzira_1306395164,Munyana Homestay,Kayonza,Eastern Province,-1.9707619,30.6124361,Lodging,accommodation,Moderate,Overnight,Indoor,unknown,unknown,Low,9,OpenStreetMap,2026-06-09
inzira_1306637702,Bambino Super City,Kicukiro,Kigali City,-1.9840104,30.2130484,Attraction,explore,unknown,unknown,Mixed,unknown,unknown,Low,5,OpenStreetMap,2026-06-09
inzira_1445229090,Roselune Home,Musanze,Northern Province,-1.4951701,29.6778727,Lodging,"accommodation, wifi",Moderate,Overnight,Indoor,Phone: +250781409887 | Website: https://www.instagram.com/roselunehome/ | Email: roselunehome@gmail.com,unknown,Medium,9,OpenStreetMap,2026-06-09
inzira_2636527,Serena Hotel,Rubavu,Western Province,-1.7044283,29.2602362,Lodging,accommodation,Expensive,Overnight,Indoor,unknown,unknown,Low,9,OpenStreetMap,2026-06-09
inzira_13202536,Heaven Restaurant & Boutique Hotel,Nyarugenge,Kigali City,-1.9468691,30.0650049,Lodging,accommodation,Expensive,Overnight,Indoor,unknown,unknown,Medium,5,OpenStreetMap,2026-06-09
inzira_17417870,Fatima hotel,Musanze,Northern Province,-1.5004234,29.6332641,Lodging,accommodation,Expensive,Overnight,Indoor,unknown,unknown,Low,9,OpenStreetMap,2026-06-09
inzira_279244863,Khana Khazana,Nyarugenge,Kigali City,-1.9472923,30.065953,Food & Drink,"restaurant, indian",Moderate,1-2 hours,Mixed,unknown,unknown,Low,5,OpenStreetMap,2026-06-09
inzira_279254229,Republika Lounge,Nyarugenge,Kigali City,-1.9522126,30.0815469,Food & Drink,"restaurant, regional",Moderate,1-2 hours,Mixed,unknown,unknown,Low,5,OpenStreetMap,2026-06-09
inzira_279256993,Aux Dlices ternels,Huye,Southern Province,-2.6010578,29.741624,Food & Drink,restaurant,Moderate,1-2 hours,Mixed,unknown,unknown,Low,9,OpenStreetMap,2026-06-09
inzira_281375231,New Cactus,Nyarugenge,Kigali City,-1.955897,30.0654579,Food & Drink,restaurant,Moderate,1-2 hours,Mixed,unknown,unknown,Low,5,OpenStreetMap,2026-06-09
inzira_281375399,Chez Robert,Nyarugenge,Kigali City,-1.9469864,30.0628391,Food & Drink,restaurant,Moderate,1-2 hours,Mixed,unknown,unknown,Low,5,OpenStreetMap,2026-06-09
inzira_317409364,Kicukiro Market,Kicukiro,Kigali City,-1.9814931,30.1044117,Markets & Shopping,shopping,Budget,1-2 hours,Mixed,unknown,unknown,Low,5,OpenStreetMap,2026-06-09
inzira_317412599,Peace Saloon,Bugesera,Eastern Province,-2.1124133,30.0697529,Food & Drink,restaurant,Moderate,1-2 hours,Mixed,unknown,unknown,Low,9,OpenStreetMap,2026-06-09
inzira_317420802,Restaurant Unique,Bugesera,Eastern Province,-2.1432376,30.090922,Food & Drink,restaurant,Moderate,1-2 hours,Mixed,unknown,unknown,Low,9,OpenStreetMap,2026-06-09
inzira_317543933,Libre Voyage,Karongi,Western Province,-2.0705901,29.3527501,Food & Drink,restaurant,Moderate,1-2 hours,Mixed,unknown,unknown,Low,9,OpenStreetMap,2026-06-09
inzira_317543952,Cyber Cafe,Karongi,Western Province,-2.0709012,29.3517043,Café,coffee,Moderate,1-2 hours,Indoor,unknown,unknown,Low,9,OpenStreetMap,2026-06-09
inzira_317576861,Mon Jardin,Huye,Southern Province,-2.6246133,29.7414062,Food & Drink,restaurant,Moderate,1-2 hours,Mixed,unknown,unknown,Low,9,OpenStreetMap,2026-06-09
inzira_317576938,Futtern bei Papa,Huye,Southern Province,-2.6030608,29.7403334,Food & Drink,restaurant,Moderate,1-2 hours,Mixed,unknown,unknown,Low,9,OpenStreetMap,2026-06-09
inzira_317581790,Crescendo,Rubavu,Western Province,-1.6973729,29.2500687,Food & Drink,restaurant,Moderate,1-2 hours,Mixed,unknown,unknown,Low,9,OpenStreetMap,2026-06-09
inzira_435782764,Bikini Tam Tam,Rubavu,Western Province,-1.7064076,29.2621092,Food & Drink,restaurant,Moderate,1-2 hours,Mixed,unknown,unknown,Low,9,OpenStreetMap,2026-06-09
inzira_436015352,Huye City Market,Huye,Southern Province,-2.6048721,29.7384674,Markets & Shopping,shopping,Budget,1-2 hours,Mixed,unknown,unknown,Low,9,OpenStreetMap,2026-06-09
inzira_436044869,Cyber Cafe,Huye,Southern Province,-2.6029015,29.7417296,Café,coffee,Moderate,1-2 hours,Indoor,unknown,unknown,Low,9,OpenStreetMap,2026-06-09
inzira_476033559,high noon,Kicukiro,Kigali City,-1.9571198,30.1094576,Food & Drink,restaurant,Moderate,1-2 hours,Mixed,unknown,unknown,Low,5,OpenStreetMap,2026-06-09
inzira_706263179,Bourbon Coffee,Nyarugenge,Kigali City,-1.9455336,30.0615017,Café,coffee,Moderate,1-2 hours,Indoor,unknown,unknown,Low,5,OpenStreetMap,2026-06-09
inzira_710268243,UR School of Public Health,Kicukiro,Kigali City,-1.974616,30.1135577,Attraction,explore,unknown,unknown,Mixed,unknown,unknown,Low,5,OpenStreetMap,2026-06-09
inzira_1310859755,Stone House,Kicukiro,Kigali City,-1.96958,30.103453,Food & Drink,restaurant,Moderate,1-2 hours,Mixed,unknown,unknown,Low,5,OpenStreetMap,2026-06-09
inzira_1334294405,Lalibela,Nyarugenge,Kigali City,-1.9495265,30.0800812,Food & Drink,restaurant,Moderate,1-2 hours,Mixed,unknown,unknown,Low,5,OpenStreetMap,2026-06-09
inzira_1447426204,Bourbon Coffee,Gasabo,Kigali City,-1.9404434,30.1033451,Café,coffee,Moderate,1-2 hours,Indoor,unknown,unknown,Low,5,OpenStreetMap,2026-06-09
inzira_1566931102,RTUC Restaurant,Nyarugenge,Kigali City,-1.9421606,30.0562622,Food & Drink,restaurant,Moderate,1-2 hours,Mixed,unknown,unknown,Low,5,OpenStreetMap,2026-06-09
inzira_1567028511,Gaaa Restaurant,Bugesera,Eastern Province,-2.1420297,30.0885077,Food & Drink,"restaurant, regional",Moderate,1-2 hours,Mixed,unknown,unknown,Low,9,OpenStreetMap,2026-06-09
inzira_1654361616,Mamba Club,Nyarugenge,Kigali City,-1.954729,30.0817286,Food & Drink,restaurant,Moderate,1-2 hours,Mixed,unknown,unknown,Low,5,OpenStreetMap,2026-06-09
inzira_1654361619,Sundowner,Nyarugenge,Kigali City,-1.9509815,30.083869,Food & Drink,restaurant,Moderate,1-2 hours,Mixed,unknown,unknown,Low,5,OpenStreetMap,2026-06-09
inzira_1695997336,Millenium Bar,Nyarugenge,Kigali City,-1.9326535,30.0737096,Food & Drink,restaurant,Moderate,1-2 hours,Mixed,unknown,unknown,Low,5,OpenStreetMap,2026-06-09
inzira_1808954505,Pasadena Snack Bar,Nyarugenge,Kigali City,-1.9724037,30.0782269,Food & Drink,restaurant,Moderate,1-2 hours,Mixed,unknown,unknown,Low,5,OpenStreetMap,2026-06-09
inzira_1839943010,Kimironko pub,Gasabo,Kigali City,-1.9454433,30.1309973,Food & Drink,restaurant,Moderate,1-2 hours,Mixed,unknown,unknown,Low,5,OpenStreetMap,2026-06-09
inzira_1841495577,Caf Restaurant Olympiade,Kicukiro,Kigali City,-1.9569632,30.1150529,Food & Drink,restaurant,Moderate,1-2 hours,Mixed,unknown,unknown,Low,5,OpenStreetMap,2026-06-09
inzira_1841496067,Namba's Bar,Nyarugenge,Kigali City,-1.9523359,30.057626,Food & Drink,restaurant,Moderate,1-2 hours,Mixed,unknown,unknown,Low,5,OpenStreetMap,2026-06-09
inzira_1841500152,White Horse,Nyarugenge,Kigali City,-1.9503241,30.059874,Food & Drink,restaurant,Moderate,1-2 hours,Mixed,unknown,unknown,Low,5,OpenStreetMap,2026-06-09
inzira_1841507280,Hotel Chez Lando Restaurant,Kicukiro,Kigali City,-1.959315,30.1087845,Food & Drink,"restaurant, international",Moderate,1-2 hours,Mixed,unknown,unknown,Low,5,OpenStreetMap,2026-06-09
inzira_1841508929,Savana,Nyarugenge,Kigali City,-1.9471407,30.0928711,Food & Drink,"restaurant, pizza",Moderate,1-2 hours,Mixed,unknown,unknown,Low,5,OpenStreetMap,2026-06-09
inzira_1841509211,Spectra,Nyarugenge,Kigali City,-1.9739015,30.0542475,Food & Drink,restaurant,Moderate,1-2 hours,Mixed,unknown,unknown,Low,5,OpenStreetMap,2026-06-09
inzira_1841509686,Hotel Chez Lando VIP Restaurant,Kicukiro,Kigali City,-1.9594946,30.1086182,Food & Drink,"restaurant, international",Moderate,1-2 hours,Mixed,unknown,unknown,Low,5,OpenStreetMap,2026-06-09
inzira_1841513651,Magda Cafe,Kicukiro,Kigali City,-1.9509365,30.0931984,Café,coffee,Moderate,1-2 hours,Indoor,unknown,unknown,Low,5,OpenStreetMap,2026-06-09
inzira_1841515335,Shokola Lite,Kicukiro,Kigali City,-1.9508422,30.0929962,Café,coffee,Moderate,1-2 hours,Indoor,unknown,unknown,Low,5,OpenStreetMap,2026-06-09
inzira_1841520218,Makoumba Bar,Nyarugenge,Kigali City,-1.9693203,30.0573105,Food & Drink,restaurant,Moderate,1-2 hours,Mixed,unknown,unknown,Low,5,OpenStreetMap,2026-06-09
inzira_1841529621,Indian Chef,Kicukiro,Kigali City,-1.9526575,30.096755,Food & Drink,"restaurant, indian",Moderate,1-2 hours,Mixed,unknown,unknown,Low,5,OpenStreetMap,2026-06-09
inzira_1841553593,Select Restaurant,Kicukiro,Kigali City,-1.9508695,30.0982812,Food & Drink,"restaurant, french",Moderate,1-2 hours,Mixed,unknown,unknown,Low,5,OpenStreetMap,2026-06-09
inzira_1882604985,Remera Modern Market,Kicukiro,Kigali City,-1.9702144,30.1259984,Markets & Shopping,shopping,Budget,1-2 hours,Mixed,unknown,unknown,Low,5,OpenStreetMap,2026-06-09
inzira_1882605635,Stella Matutina,Kicukiro,Kigali City,-1.9688684,30.1258542,Food & Drink,restaurant,Moderate,1-2 hours,Mixed,unknown,unknown,Low,5,OpenStreetMap,2026-06-09
inzira_1882639170,FANTASTIC RESTAURANT,Nyarugenge,Kigali City,-1.9432829,30.0591536,Food & Drink,"restaurant, international",Moderate,1-2 hours,Mixed,unknown,unknown,Low,5,OpenStreetMap,2026-06-09
inzira_1882656586,Bar Chez Hirwa,Nyarugenge,Kigali City,-1.9781503,30.047692,Food & Drink,restaurant,Moderate,1-2 hours,Mixed,unknown,unknown,Low,5,OpenStreetMap,2026-06-09
inzira_1882666723,Bourbon Cafe,Nyarugenge,Kigali City,-1.9438031,30.0597522,Food & Drink,"restaurant, accessible, coffee_shop",Moderate,1-2 hours,Mixed,unknown,unknown,Low,5,OpenStreetMap,2026-06-09
inzira_1970389985,The Kiosk,Gatsibo,Eastern Province,-1.7662889,30.3842783,Food & Drink,restaurant,Moderate,1-2 hours,Mixed,unknown,unknown,Low,9,OpenStreetMap,2026-06-09
inzira_2123507030,Sakae,Kicukiro,Kigali City,-1.946185,30.1061252,Food & Drink,"restaurant, japanese;sushi;korean",Moderate,1-2 hours,Mixed,unknown,unknown,Low,5,OpenStreetMap,2026-06-09
inzira_2168814015,Aromas Coffee,Kicukiro,Kigali City,-1.9507881,30.1235299,Café,"wifi, coffee",Moderate,1-2 hours,Indoor,unknown,unknown,Low,5,OpenStreetMap,2026-06-09
inzira_2168818991,Nyenyeri Bar,Nyarugenge,Kigali City,-1.971235,30.0766177,Food & Drink,restaurant,Moderate,1-2 hours,Mixed,unknown,unknown,Low,5,OpenStreetMap,2026-06-09
inzira_2168864144,Caiman,Gasabo,Kigali City,-1.933393,30.1086278,Food & Drink,restaurant,Moderate,1-2 hours,Mixed,unknown,unknown,Low,5,OpenStreetMap,2026-06-09
inzira_2168876541,Caf de Gikondo,Nyarugenge,Kigali City,-1.9737667,30.0778578,Food & Drink,restaurant,Moderate,1-2 hours,Mixed,unknown,unknown,Low,5,OpenStreetMap,2026-06-09
inzira_2168886031,Black & White,Gasabo,Kigali City,-1.929367,30.1093305,Food & Drink,restaurant,Moderate,1-2 hours,Mixed,unknown,unknown,Low,5,OpenStreetMap,2026-06-09
inzira_2168907563,No Valu Valu Pub,Nyarugenge,Kigali City,-1.971397,30.0776969,Food & Drink,restaurant,Moderate,1-2 hours,Mixed,unknown,unknown,Low,5,OpenStreetMap,2026-06-09
inzira_2327871217,Caf Connexion,Huye,Southern Province,-2.6066528,29.7385931,Café,coffee,Moderate,1-2 hours,Indoor,unknown,unknown,Low,9,OpenStreetMap,2026-06-09
inzira_2327871218,Shekinah,Huye,Southern Province,-2.6069126,29.7382629,Food & Drink,"restaurant, regional",Moderate,1-2 hours,Mixed,unknown,unknown,Low,9,OpenStreetMap,2026-06-09
inzira_2343217130,Touristic Bar,Rwamagana,Eastern Province,-1.9469256,30.4418835,Food & Drink,restaurant,Moderate,1-2 hours,Mixed,unknown,unknown,Low,9,OpenStreetMap,2026-06-09
inzira_2344601579,Touristic Restaurant,Rwamagana,Eastern Province,-1.9470574,30.4419447,Food & Drink,restaurant,Moderate,1-2 hours,Mixed,unknown,unknown,Low,9,OpenStreetMap,2026-06-09
inzira_2353448697,KGL,Nyarugenge,Kigali City,-1.9296904,30.0657647,Food & Drink,restaurant,Moderate,1-2 hours,Mixed,unknown,unknown,Low,5,OpenStreetMap,2026-06-09
inzira_2377315068,Lebanese Resto & Bar,Nyarugenge,Kigali City,-1.9656945,30.0806733,Food & Drink,restaurant,Moderate,1-2 hours,Mixed,unknown,unknown,Low,5,OpenStreetMap,2026-06-09
inzira_2444210134,Cabaret Bar,Kayonza,Eastern Province,-1.7971695,30.5030208,Food & Drink,restaurant,Moderate,1-2 hours,Mixed,unknown,unknown,Low,9,OpenStreetMap,2026-06-09
inzira_2444210137,California Restarurant,Kayonza,Eastern Province,-1.8005047,30.502195,Food & Drink,"restaurant, regional",Moderate,1-2 hours,Mixed,unknown,unknown,Low,9,OpenStreetMap,2026-06-09
inzira_2444210289,Restaurant Icyaylamata,Kayonza,Eastern Province,-1.8018232,30.5007715,Food & Drink,"restaurant, regional",Moderate,1-2 hours,Mixed,unknown,unknown,Low,9,OpenStreetMap,2026-06-09
inzira_2444210330,Zingana Restaurant,Kayonza,Eastern Province,-1.801992,30.5012917,Food & Drink,"restaurant, regional",Moderate,1-2 hours,Mixed,unknown,unknown,Low,9,OpenStreetMap,2026-06-09
inzira_2451817796,SECTOR,Huye,Southern Province,-2.5976675,29.7205192,Attraction,explore,unknown,unknown,Mixed,unknown,unknown,Low,9,OpenStreetMap,2026-06-09
inzira_2900364938,Brioche,Gasabo,Kigali City,-1.9253431,30.0964279,Café,coffee,Moderate,1-2 hours,Indoor,unknown,unknown,Low,5,OpenStreetMap,2026-06-09
inzira_3134435371,Amafu Restaurant,Huye,Southern Province,-2.6024582,29.7413676,Food & Drink,restaurant,Moderate,1-2 hours,Mixed,unknown,unknown,Low,9,OpenStreetMap,2026-06-09
inzira_3212701230,Green Garden,Musanze,Northern Province,-1.507827,29.6434597,Food & Drink,"restaurant, regional",Moderate,1-2 hours,Mixed,unknown,unknown,Low,9,OpenStreetMap,2026-06-09
inzira_3212735286,Inzora,Nyarugenge,Kigali City,-1.9498517,30.0912853,Café,coffee,Moderate,1-2 hours,Indoor,unknown,unknown,Low,5,OpenStreetMap,2026-06-09
inzira_3632458291,Any Cafe,Nyarugenge,Kigali City,-1.9486692,30.0740941,Café,coffee,Moderate,1-2 hours,Indoor,unknown,unknown,Low,5,OpenStreetMap,2026-06-09
inzira_3808790306,Pan China Restaurant and Bar,Kicukiro,Kigali City,-1.9460418,30.1061248,Food & Drink,"restaurant, chinese",Moderate,1-2 hours,Mixed,unknown,unknown,Low,5,OpenStreetMap,2026-06-09
inzira_3810791185,Restaurant Hellenique,Nyarugenge,Kigali City,-1.9502353,30.0781417,Food & Drink,"restaurant, greek",Moderate,1-2 hours,Mixed,unknown,unknown,Low,5,OpenStreetMap,2026-06-09
inzira_3826918715,Grand Bar du Rond Point,Muhanga,Southern Province,-2.0660518,29.7333394,Food & Drink,restaurant,Moderate,1-2 hours,Mixed,unknown,unknown,Low,9,OpenStreetMap,2026-06-09
inzira_3826919691,Banana Bar,Karongi,Western Province,-2.0881493,29.4122762,Food & Drink,restaurant,Moderate,1-2 hours,Mixed,unknown,unknown,Low,9,OpenStreetMap,2026-06-09
inzira_3833186103,Tourism Bar,Muhanga,Southern Province,-2.0784595,29.7782707,Food & Drink,restaurant,Moderate,1-2 hours,Mixed,unknown,unknown,Low,9,OpenStreetMap,2026-06-09
inzira_4085634789,Volcana Lounge,Musanze,Northern Province,-1.5022986,29.6337408,Food & Drink,"restaurant, italian",Moderate,1-2 hours,Mixed,unknown,unknown,Low,9,OpenStreetMap,2026-06-09
inzira_4142629790,Cool Garden,Nyarugenge,Kigali City,-1.9458375,30.0688175,Food & Drink,"restaurant, african;local",Moderate,1-2 hours,Mixed,unknown,unknown,Low,5,OpenStreetMap,2026-06-09
inzira_4151780724,Africana Bistro,Musanze,Northern Province,-1.5033612,29.6350708,Café,coffee,Moderate,1-2 hours,Indoor,unknown,unknown,Low,9,OpenStreetMap,2026-06-09
inzira_4289250189,German Butchery,Nyarugenge,Kigali City,-1.9520922,30.0578131,Food & Drink,"restaurant, german",Moderate,1-2 hours,Mixed,Website: https://gbdelivering.com,unknown,Medium,5,OpenStreetMap,2026-06-09
inzira_4346791062,HOTEL SAINT ANNE,Musanze,Northern Province,-1.5085302,29.6452009,Café,coffee,Moderate,1-2 hours,Indoor,unknown,unknown,Low,9,OpenStreetMap,2026-06-09
inzira_4359221189,Huile de pole et tomate,Nyarugenge,Kigali City,-1.9612048,30.0768159,Food & Drink,restaurant,Moderate,1-2 hours,Mixed,unknown,unknown,Low,5,OpenStreetMap,2026-06-09
inzira_4368239993,chez VINCENT,Muhanga,Southern Province,-2.0839217,29.7523442,Food & Drink,"restaurant, wifi",Moderate,1-2 hours,Mixed,unknown,unknown,Low,9,OpenStreetMap,2026-06-09
inzira_4407868893,pili pili,Gasabo,Kigali City,-1.9311962,30.1103374,Food & Drink,restaurant,Moderate,1-2 hours,Mixed,unknown,unknown,Low,5,OpenStreetMap,2026-06-09
inzira_4450673594,Dolce Pizzeria,Nyarugenge,Kigali City,-1.9465596,30.0673169,Food & Drink,"restaurant, italian_pizza",Moderate,1-2 hours,Mixed,unknown,unknown,Low,5,OpenStreetMap,2026-06-09
inzira_4461862290,Saga Bay,Rubavu,Western Province,-1.7071289,29.262895,Food & Drink,"restaurant, african",Moderate,1-2 hours,Mixed,unknown,unknown,Low,9,OpenStreetMap,2026-06-09
inzira_4468211190,Inzozi Nziza,Huye,Southern Province,-2.60996,29.7365135,Café,coffee,Moderate,1-2 hours,Indoor,unknown,unknown,Low,9,OpenStreetMap,2026-06-09
inzira_4472648591,Pizzria italienne Al Lago Kivu,Rubavu,Western Province,-1.7056764,29.2636294,Food & Drink,restaurant,Moderate,1-2 hours,Mixed,unknown,unknown,Low,9,OpenStreetMap,2026-06-09
inzira_4477095089,Mwamikazi,Rubavu,Western Province,-1.6929222,29.259804,Food & Drink,"restaurant, grill",Moderate,1-2 hours,Mixed,unknown,unknown,Low,9,OpenStreetMap,2026-06-09
inzira_4494379691,Le Printemps,Nyamasheke,Western Province,-2.3420145,29.0907434,Food & Drink,"restaurant, african",Moderate,1-2 hours,Mixed,unknown,unknown,Low,9,OpenStreetMap,2026-06-09
inzira_4508234689,La Fleur cuisine,Kicukiro,Kigali City,-1.9603249,30.104518,Food & Drink,restaurant,Moderate,1-2 hours,Mixed,unknown,unknown,Low,5,OpenStreetMap,2026-06-09
inzira_4521108394,Regency,Nyarugenge,Kigali City,-1.9302713,30.0644162,Food & Drink,"restaurant, indian",Moderate,1-2 hours,Mixed,unknown,unknown,Low,5,OpenStreetMap,2026-06-09
inzira_4543039811,Shokola Caf,Nyarugenge,Kigali City,-1.9344952,30.0787547,Food & Drink,restaurant,Moderate,1-2 hours,Mixed,unknown,unknown,Low,5,OpenStreetMap,2026-06-09
inzira_4569823541,Brioche Kacyiru,Nyarugenge,Kigali City,-1.9477598,30.0928292,Café,coffee,Moderate,1-2 hours,Indoor,unknown,unknown,Low,5,OpenStreetMap,2026-06-09
inzira_4571748792,Bamboo Rooftop Restaurant,Nyarugenge,Kigali City,-1.9436787,30.0587685,Food & Drink,"restaurant, chinese, wifi",Moderate,1-2 hours,Mixed,unknown,unknown,Low,5,OpenStreetMap,2026-06-09
inzira_4577075191,Agaciro Restaurant,Burera,Northern Province,-1.4170848,29.8333998,Food & Drink,restaurant,Moderate,1-2 hours,Mixed,unknown,unknown,Low,9,OpenStreetMap,2026-06-09
inzira_4676544490,Sol e Luna,Kicukiro,Kigali City,-1.9588177,30.105118,Food & Drink,"restaurant, italian_pizza;italian",Moderate,1-2 hours,Mixed,unknown,unknown,Low,5,OpenStreetMap,2026-06-09
inzira_4702919979,Rugogwe,Nyanza,Southern Province,-2.4682123,29.7541008,Markets & Shopping,shopping,Budget,1-2 hours,Mixed,unknown,unknown,Low,9,OpenStreetMap,2026-06-09
inzira_4771297521,Ipaafu,Huye,Southern Province,-2.6085144,29.7372824,Café,coffee,Moderate,1-2 hours,Indoor,unknown,unknown,Low,9,OpenStreetMap,2026-06-09
inzira_4793398521,La caverne de Nyamirambo,Karongi,Western Province,-2.0641744,29.5394664,Food & Drink,restaurant,Moderate,1-2 hours,Mixed,unknown,unknown,Low,9,OpenStreetMap,2026-06-09
inzira_4824514021,Inyange Milk Bar,Gasabo,Kigali City,-1.9132211,30.0868461,Food & Drink,restaurant,Moderate,1-2 hours,Mixed,unknown,unknown,Low,5,OpenStreetMap,2026-06-09
inzira_4914810123,Habibi,Nyarugenge,Kigali City,-1.9651606,30.0590678,Food & Drink,"restaurant, chicken;arab;tea;kebab;curry;barbecue",Moderate,1-2 hours,Mixed,unknown,unknown,Low,5,OpenStreetMap,2026-06-09
inzira_4971836523,NSTC,Kicukiro,Kigali City,-1.9445164,30.1022366,Food & Drink,restaurant,Moderate,1-2 hours,Mixed,unknown,unknown,Low,5,OpenStreetMap,2026-06-09
inzira_4998141823,Fuchsia,Kicukiro,Kigali City,-1.9580289,30.1147283,Food & Drink,restaurant,Moderate,1-2 hours,Mixed,unknown,unknown,Low,5,OpenStreetMap,2026-06-09
inzira_5043385325,Habesha Ethiopian Restaurant,Kicukiro,Kigali City,-1.961654,30.0950916,Food & Drink,restaurant,Moderate,1-2 hours,Mixed,unknown,unknown,Low,5,OpenStreetMap,2026-06-09
inzira_5075917523,Qiang Brother,Nyarugenge,Kigali City,-1.9310358,30.0838818,Food & Drink,"restaurant, chinese",Moderate,1-2 hours,Mixed,unknown,unknown,Low,5,OpenStreetMap,2026-06-09
inzira_5208861521,DEXCEL LTD,Rwamagana,Eastern Province,-1.9617001,30.3510021,Attraction,explore,unknown,unknown,Mixed,Phone: +250785019023,unknown,Medium,9,OpenStreetMap,2026-06-09
inzira_5254016032,Crema Coffee Shop,Musanze,Northern Province,-1.5039991,29.6356464,Café,coffee,Moderate,1-2 hours,Indoor,unknown,unknown,Low,9,OpenStreetMap,2026-06-09
inzira_5286105321,Preet Fast Food (Indian Vegetarian Restaurant),Nyarugenge,Kigali City,-1.9476841,30.0592467,Food & Drink,"restaurant, indian",Moderate,1-2 hours,Mixed,Phone: +250783115997 | Email: vipulvyas.prit1978@gmail.com,unknown,Medium,5,OpenStreetMap,2026-06-09
inzira_5287618021,Tamu Tamu,Nyarugenge,Kigali City,-1.9642409,30.0595405,Food & Drink,"restaurant, african;arab",Moderate,1-2 hours,Mixed,Phone: +250788300957,unknown,Medium,5,OpenStreetMap,2026-06-09
inzira_5289614621,Caf Lenima,Nyanza,Southern Province,-2.360179,29.7396163,Café,coffee,Moderate,1-2 hours,Indoor,unknown,unknown,Low,9,OpenStreetMap,2026-06-09
inzira_5296839923,Migano,Musanze,Northern Province,-1.5083808,29.6391375,Café,coffee,Moderate,1-2 hours,Indoor,unknown,unknown,Low,9,OpenStreetMap,2026-06-09
inzira_5303512522,Migano,Musanze,Northern Province,-1.5085446,29.6392689,Café,coffee,Moderate,1-2 hours,Indoor,unknown,unknown,Low,9,OpenStreetMap,2026-06-09
inzira_5323519821,Zen Oriental Cuisine,Gasabo,Kigali City,-1.9385624,30.1015387,Food & Drink,restaurant,Moderate,1-2 hours,Mixed,unknown,unknown,Low,5,OpenStreetMap,2026-06-09
inzira_5407324322,Gladden coffee buffet,Nyarugenge,Kigali City,-1.9382271,30.0778619,Food & Drink,restaurant,Moderate,1-2 hours,Mixed,unknown,unknown,Low,5,OpenStreetMap,2026-06-09
inzira_5407334821,Canteen good and cheap,Nyarugenge,Kigali City,-1.9345273,30.0782476,Food & Drink,restaurant,Moderate,1-2 hours,Mixed,unknown,unknown,Low,5,OpenStreetMap,2026-06-09
inzira_5409653322,Casa Keza,Nyarugenge,Kigali City,-1.9377517,30.0885049,Food & Drink,"restaurant, wifi",Moderate,1-2 hours,Mixed,unknown,unknown,Low,5,OpenStreetMap,2026-06-09
inzira_5409814322,Acacia book cafe,Nyarugenge,Kigali City,-1.9358144,30.0845724,Café,"wifi, coffee",Moderate,1-2 hours,Indoor,unknown,unknown,Low,5,OpenStreetMap,2026-06-09
inzira_5447950284,Asia Kitchen,Kicukiro,Kigali City,-1.9595448,30.1066354,Food & Drink,"restaurant, asian",Moderate,1-2 hours,Mixed,unknown,unknown,Low,5,OpenStreetMap,2026-06-09
inzira_5487989544,Umut,Nyarugenge,Kigali City,-1.9423055,30.0582911,Food & Drink,"restaurant, turkish",Moderate,1-2 hours,Mixed,unknown,unknown,Low,5,OpenStreetMap,2026-06-09
inzira_5487989545,Nyirangarama,Nyarugenge,Kigali City,-1.9431283,30.0570123,Food & Drink,"restaurant, rwandan",Moderate,1-2 hours,Mixed,unknown,unknown,Low,5,OpenStreetMap,2026-06-09
inzira_5487989546,Rolex,Nyarugenge,Kigali City,-1.9433952,30.0568929,Food & Drink,restaurant,Moderate,1-2 hours,Mixed,unknown,unknown,Low,5,OpenStreetMap,2026-06-09
inzira_5488094501,Welcome,Gasabo,Kigali City,-1.902175,30.0781383,Food & Drink,restaurant,Moderate,1-2 hours,Mixed,unknown,unknown,Low,5,OpenStreetMap,2026-06-09
inzira_5491308484,Hello World,Kicukiro,Kigali City,-1.9593228,30.1098453,Attraction,explore,unknown,unknown,Mixed,unknown,unknown,Low,5,OpenStreetMap,2026-06-09
inzira_5491316399,Cosmos,Kicukiro,Kigali City,-1.9587811,30.1114922,Food & Drink,restaurant,Moderate,1-2 hours,Mixed,unknown,unknown,Low,5,OpenStreetMap,2026-06-09
inzira_5518114616,Now Now Rolex,Nyarugenge,Kigali City,-1.9511757,30.0845451,Food & Drink,restaurant,Moderate,1-2 hours,Mixed,Website: https://www.facebook.com/NowNowRolex/,unknown,Medium,5,OpenStreetMap,2026-06-09
inzira_5518119390,Teabarra,Nyarugenge,Kigali City,-1.951284,30.0844468,Food & Drink,restaurant,Moderate,1-2 hours,Mixed,unknown,unknown,Low,5,OpenStreetMap,2026-06-09
inzira_5518185403,Question Coffee,Kicukiro,Kigali City,-1.9544946,30.1046537,Café,coffee,Moderate,1-2 hours,Indoor,unknown,unknown,Low,5,OpenStreetMap,2026-06-09
inzira_5628323822,J Lynn's,Kicukiro,Kigali City,-1.9862772,30.101694,Café,coffee,Moderate,1-2 hours,Indoor,unknown,unknown,Low,5,OpenStreetMap,2026-06-09
inzira_5651383071,Fat Mama's Kitchen,Nyarugenge,Kigali City,-1.9434745,30.0595301,Food & Drink,"restaurant, indian",Moderate,1-2 hours,Mixed,unknown,unknown,Low,5,OpenStreetMap,2026-06-09
inzira_5729938821,Musanze;Isange BF Restaurant,Musanze,Northern Province,-1.5070471,29.6426309,Food & Drink,"restaurant, wifi, african;breakfast;barbecue;chicken;tea;austrian;cake;coffee_shop",Moderate,1-2 hours,Mixed,Phone: +250788490870 | Website: https://isangerestaurant.com/ | Email: isangebfltd@yahoo.com,unknown,Medium,9,OpenStreetMap,2026-06-09
inzira_5732112123,Zamzam,Rubavu,Western Province,-1.6822066,29.2498573,Food & Drink,restaurant,Moderate,1-2 hours,Mixed,unknown,unknown,Low,9,OpenStreetMap,2026-06-09
inzira_5778707353,The Bistro,Nyarugenge,Kigali City,-1.948866,30.0689605,Food & Drink,"restaurant, international",Moderate,1-2 hours,Mixed,unknown,unknown,Low,5,OpenStreetMap,2026-06-09
inzira_5778887301,Java House,Kicukiro,Kigali City,-1.9530624,30.0931429,Café,coffee,Moderate,1-2 hours,Indoor,unknown,unknown,Low,5,OpenStreetMap,2026-06-09
inzira_5778887302,Delizia Italia,Kicukiro,Kigali City,-1.9529477,30.0930185,Food & Drink,"restaurant, italian;ice_cream",Moderate,1-2 hours,Mixed,unknown,unknown,Low,5,OpenStreetMap,2026-06-09
inzira_5778887306,Riders Lounge,Kicukiro,Kigali City,-1.9526831,30.0926995,Food & Drink,"restaurant, international",Moderate,1-2 hours,Mixed,unknown,unknown,Low,5,OpenStreetMap,2026-06-09
inzira_5778887307,The Fork,Kicukiro,Kigali City,-1.9528775,30.0928765,Food & Drink,"restaurant, regional;buffet",Moderate,1-2 hours,Mixed,unknown,unknown,Low,5,OpenStreetMap,2026-06-09
inzira_5779024315,Local banana beer bar,Musanze,Northern Province,-1.5221266,29.7200668,Food & Drink,restaurant,Moderate,1-2 hours,Mixed,unknown,unknown,Low,9,OpenStreetMap,2026-06-09
inzira_5779024316,Local sorghum beer bar,Musanze,Northern Province,-1.522194,29.7199047,Food & Drink,restaurant,Moderate,1-2 hours,Mixed,unknown,unknown,Low,9,OpenStreetMap,2026-06-09
inzira_5803468767,Rosty,Kicukiro,Kigali City,-1.9596371,30.1103472,Food & Drink,restaurant,Moderate,1-2 hours,Mixed,unknown,unknown,Low,5,OpenStreetMap,2026-06-09
inzira_5803476911,Camellia,Nyarugenge,Kigali City,-1.9450231,30.0612544,Café,coffee,Moderate,1-2 hours,Indoor,unknown,unknown,Low,5,OpenStreetMap,2026-06-09
inzira_5803818356,Nehemiah's Best Coffee,Huye,Southern Province,-2.607012,29.7388108,Café,coffee,Moderate,1-2 hours,Indoor,unknown,unknown,Low,9,OpenStreetMap,2026-06-09
inzira_5808988979,Restaurant Vitamino,Rusizi,Western Province,-2.4785896,28.9098892,Food & Drink,restaurant,Moderate,1-2 hours,Mixed,unknown,unknown,Low,9,OpenStreetMap,2026-06-09
inzira_5812443402,Karongi Market,Karongi,Western Province,-2.0692124,29.3507065,Markets & Shopping,shopping,Budget,1-2 hours,Mixed,unknown,unknown,Low,9,OpenStreetMap,2026-06-09
inzira_5813030053,Brachetto,Nyarugenge,Kigali City,-1.940752,30.0954877,Food & Drink,restaurant,Moderate,1-2 hours,Mixed,unknown,unknown,Low,5,OpenStreetMap,2026-06-09
inzira_5814720853,Fab Lab,Nyarugenge,Kigali City,-1.9444754,30.0893534,Attraction,explore,unknown,unknown,Mixed,unknown,unknown,Low,5,OpenStreetMap,2026-06-09
inzira_5822789554,Borneo coffeeshop and Restaurant,Nyarugenge,Kigali City,-1.9341132,30.0617039,Food & Drink,restaurant,Moderate,1-2 hours,Mixed,unknown,unknown,Low,5,OpenStreetMap,2026-06-09
inzira_5846669585,Bar Kumakaro,Nyarugenge,Kigali City,-1.9406235,30.0494609,Food & Drink,restaurant,Moderate,1-2 hours,Mixed,unknown,unknown,Low,5,OpenStreetMap,2026-06-09
inzira_5891302685,Belle Vie,Ngoma,Eastern Province,-2.1577578,30.54577,Food & Drink,restaurant,Moderate,1-2 hours,Mixed,unknown,unknown,Low,9,OpenStreetMap,2026-06-09
inzira_5896208938,Rooftop Caf,Nyarugenge,Kigali City,-1.9498599,30.0911784,Café,"wifi, coffee",Moderate,1-2 hours,Indoor,unknown,unknown,Low,5,OpenStreetMap,2026-06-09
inzira_6036359887,Rwesero Beach,Gasabo,Kigali City,-1.8028969,30.179931,Food & Drink,restaurant,Moderate,1-2 hours,Mixed,unknown,unknown,Low,5,OpenStreetMap,2026-06-09
inzira_6063288086,No name,Rubavu,Western Province,-1.7396131,29.2748233,Food & Drink,restaurant,Moderate,1-2 hours,Mixed,unknown,unknown,Low,9,OpenStreetMap,2026-06-09
inzira_6108892313,Cantine Ikaze,Kicukiro,Kigali City,-1.961335,30.1125255,Food & Drink,restaurant,Moderate,1-2 hours,Mixed,unknown,unknown,Low,5,OpenStreetMap,2026-06-09
inzira_6108895503,Wailers Lodge - Restaurant & Bar,Kicukiro,Kigali City,-1.9614237,30.1122978,Food & Drink,restaurant,Moderate,1-2 hours,Mixed,unknown,unknown,Low,5,OpenStreetMap,2026-06-09
inzira_6209321730,O'Tamarillo,Nyarugenge,Kigali City,-1.9564433,30.0666325,Food & Drink,"restaurant, french",Moderate,1-2 hours,Mixed,unknown,unknown,Low,5,OpenStreetMap,2026-06-09
inzira_6246724385,Magnificat,Karongi,Western Province,-2.0625809,29.3471176,Food & Drink,restaurant,Moderate,1-2 hours,Mixed,unknown,unknown,Low,9,OpenStreetMap,2026-06-09
inzira_6260316286,Sky Nevada,Rubavu,Western Province,-1.6917972,29.2628572,Food & Drink,restaurant,Moderate,1-2 hours,Mixed,unknown,unknown,Low,9,OpenStreetMap,2026-06-09
inzira_6261621886,Pad Thai,Gasabo,Kigali City,-1.9267068,30.1107211,Food & Drink,"restaurant, thai",Moderate,1-2 hours,Mixed,unknown,unknown,Low,5,OpenStreetMap,2026-06-09
inzira_6262560485,Khana Khazana Nyarutarama,Kicukiro,Kigali City,-1.949534,30.1029927,Food & Drink,"restaurant, indian",Moderate,1-2 hours,Mixed,unknown,unknown,Low,5,OpenStreetMap,2026-06-09
inzira_6263685819,New Life Restaurant,Kirehe,Eastern Province,-2.2748543,30.674714,Food & Drink,restaurant,Moderate,1-2 hours,Mixed,unknown,unknown,Low,9,OpenStreetMap,2026-06-09
inzira_6263703402,Pacis Bar,Kirehe,Eastern Province,-2.2746787,30.6751656,Food & Drink,restaurant,Moderate,1-2 hours,Mixed,unknown,unknown,Low,9,OpenStreetMap,2026-06-09
inzira_6263703495,Kirehe New Nectar Bar,Kirehe,Eastern Province,-2.274729,30.6749798,Food & Drink,restaurant,Moderate,1-2 hours,Mixed,unknown,unknown,Low,9,OpenStreetMap,2026-06-09
inzira_6263703497,Sunrise Bar,Kirehe,Eastern Province,-2.2657892,30.6533228,Food & Drink,restaurant,Moderate,1-2 hours,Mixed,unknown,unknown,Low,9,OpenStreetMap,2026-06-09
inzira_6263703502,Urugiro,Kirehe,Eastern Province,-2.2778062,30.5871569,Food & Drink,restaurant,Moderate,1-2 hours,Mixed,unknown,unknown,Low,9,OpenStreetMap,2026-06-09
inzira_6263703506,Bar One Love,Kirehe,Eastern Province,-2.2827204,30.5606387,Food & Drink,restaurant,Moderate,1-2 hours,Mixed,unknown,unknown,Low,9,OpenStreetMap,2026-06-09
inzira_6263703786,Online Bar,Kirehe,Eastern Province,-2.3513913,30.7589687,Food & Drink,restaurant,Moderate,1-2 hours,Mixed,unknown,unknown,Low,9,OpenStreetMap,2026-06-09
inzira_6263703887,Restaurant Chalom,Kirehe,Eastern Province,-2.2749348,30.6745543,Food & Drink,restaurant,Moderate,1-2 hours,Mixed,unknown,unknown,Low,9,OpenStreetMap,2026-06-09
inzira_6263830387,Africa Jacana Restaurant,Kayonza,Eastern Province,-1.902923,30.5075358,Food & Drink,restaurant,Moderate,1-2 hours,Mixed,unknown,unknown,Low,9,OpenStreetMap,2026-06-09
inzira_6263838697,Mama Doreen,Kayonza,Eastern Province,-1.9007854,30.507852,Food & Drink,restaurant,Moderate,1-2 hours,Mixed,unknown,unknown,Low,9,OpenStreetMap,2026-06-09
inzira_6263914186,Omega Bar,Rwamagana,Eastern Province,-1.9488401,30.4233966,Food & Drink,restaurant,Moderate,1-2 hours,Mixed,unknown,unknown,Low,9,OpenStreetMap,2026-06-09
inzira_6264042286,Dolce Vita Bar and Restaurant,Kicukiro,Kigali City,-1.9814716,30.2107625,Food & Drink,restaurant,Moderate,1-2 hours,Mixed,unknown,unknown,Low,5,OpenStreetMap,2026-06-09
inzira_6264042685,Green Square,Kicukiro,Kigali City,-1.9846138,30.1932094,Food & Drink,restaurant,Moderate,1-2 hours,Mixed,unknown,unknown,Low,5,OpenStreetMap,2026-06-09
inzira_6264070686,Giramata,Kicukiro,Kigali City,-1.959795,30.1202199,Food & Drink,restaurant,Moderate,1-2 hours,Mixed,unknown,unknown,Low,5,OpenStreetMap,2026-06-09
inzira_6264216386,Twistiblendz smoothies,Nyarugenge,Kigali City,-1.9543643,30.0806847,Café,coffee,Moderate,1-2 hours,Indoor,unknown,unknown,Low,5,OpenStreetMap,2026-06-09
inzira_6264217785,Chapati,Nyarugenge,Kigali City,-1.9543712,30.0805966,Café,coffee,Moderate,1-2 hours,Indoor,unknown,unknown,Low,5,OpenStreetMap,2026-06-09
inzira_6267349586,Bar Resto,Nyarugenge,Kigali City,-1.9424392,30.0440661,Food & Drink,restaurant,Moderate,1-2 hours,Mixed,unknown,unknown,Low,5,OpenStreetMap,2026-06-09
inzira_6267349587,Mama Boy,Nyarugenge,Kigali City,-1.9422041,30.0446537,Food & Drink,restaurant,Moderate,1-2 hours,Mixed,unknown,unknown,Low,5,OpenStreetMap,2026-06-09
inzira_6267363162,Cantine Nyabugogo,Nyarugenge,Kigali City,-1.9405785,30.0440193,Café,coffee,Moderate,1-2 hours,Indoor,unknown,unknown,Low,5,OpenStreetMap,2026-06-09
inzira_6267369589,Iriza,Nyarugenge,Kigali City,-1.9417721,30.0454194,Food & Drink,restaurant,Moderate,1-2 hours,Mixed,unknown,unknown,Low,5,OpenStreetMap,2026-06-09
inzira_6267369590,Amahoro,Nyarugenge,Kigali City,-1.941479,30.0445964,Food & Drink,restaurant,Moderate,1-2 hours,Mixed,unknown,unknown,Low,5,OpenStreetMap,2026-06-09
inzira_6267369694,Farmers,Nyarugenge,Kigali City,-1.9413093,30.0449786,Food & Drink,restaurant,Moderate,1-2 hours,Mixed,unknown,unknown,Low,5,OpenStreetMap,2026-06-09
inzira_6267369697,Special Menu,Nyarugenge,Kigali City,-1.9416678,30.0455743,Food & Drink,restaurant,Moderate,1-2 hours,Mixed,unknown,unknown,Low,5,OpenStreetMap,2026-06-09
inzira_6267371095,Elfer Restaurant,Nyarugenge,Kigali City,-1.9401677,30.0449574,Food & Drink,restaurant,Moderate,1-2 hours,Mixed,unknown,unknown,Low,5,OpenStreetMap,2026-06-09
inzira_6267397708,The Yummy Food,Nyarugenge,Kigali City,-1.9407136,30.0440548,Café,coffee,Moderate,1-2 hours,Indoor,unknown,unknown,Low,5,OpenStreetMap,2026-06-09
inzira_6267435187,Chez Muganga,Nyarugenge,Kigali City,-1.9477657,30.0273684,Food & Drink,restaurant,Moderate,1-2 hours,Mixed,unknown,unknown,Low,5,OpenStreetMap,2026-06-09
inzira_6267443485,Chez Maman,Nyarugenge,Kigali City,-1.9435766,30.0381091,Food & Drink,restaurant,Moderate,1-2 hours,Mixed,unknown,unknown,Low,5,OpenStreetMap,2026-06-09
inzira_6267594597,Petit Bruxelles,Musanze,Northern Province,-1.5086314,29.642537,Food & Drink,restaurant,Moderate,1-2 hours,Mixed,unknown,unknown,Low,9,OpenStreetMap,2026-06-09
inzira_6267661690,Superior Bar,Musanze,Northern Province,-1.5001161,29.6232706,Food & Drink,restaurant,Moderate,1-2 hours,Mixed,unknown,unknown,Low,9,OpenStreetMap,2026-06-09
inzira_6267679786,Amani,Nyabihu,Western Province,-1.5581334,29.5538948,Food & Drink,restaurant,Moderate,1-2 hours,Mixed,unknown,unknown,Low,9,OpenStreetMap,2026-06-09
inzira_6267689593,Paradis,Nyabihu,Western Province,-1.6384556,29.4016237,Food & Drink,restaurant,Moderate,1-2 hours,Mixed,unknown,unknown,Low,9,OpenStreetMap,2026-06-09
inzira_6267749990,Ikazu,Rubavu,Western Province,-1.6501934,29.3741896,Food & Drink,restaurant,Moderate,1-2 hours,Mixed,unknown,unknown,Low,9,OpenStreetMap,2026-06-09
inzira_6267772785,Credo,Nyabihu,Western Province,-1.6453154,29.3829587,Food & Drink,restaurant,Moderate,1-2 hours,Mixed,unknown,unknown,Low,9,OpenStreetMap,2026-06-09
inzira_6267772788,Bonanza Sports,Rubavu,Western Province,-1.7021447,29.3276692,Food & Drink,restaurant,Moderate,1-2 hours,Mixed,unknown,unknown,Low,9,OpenStreetMap,2026-06-09
inzira_6267805787,One Degree South,Rubavu,Western Province,-1.7073847,29.2632571,Food & Drink,restaurant,Moderate,1-2 hours,Mixed,unknown,unknown,Low,9,OpenStreetMap,2026-06-09
inzira_6273677586,Marantha,Musanze,Northern Province,-1.5559216,29.5550254,Food & Drink,restaurant,Moderate,1-2 hours,Mixed,unknown,unknown,Low,9,OpenStreetMap,2026-06-09
inzira_6273716585,Amharo,Musanze,Northern Province,-1.5110425,29.642121,Café,coffee,Moderate,1-2 hours,Indoor,unknown,unknown,Low,9,OpenStreetMap,2026-06-09
inzira_6273716986,Shama,Musanze,Northern Province,-1.5114202,29.6420779,Food & Drink,restaurant,Moderate,1-2 hours,Mixed,unknown,unknown,Low,9,OpenStreetMap,2026-06-09
inzira_6273753087,Up Town,Musanze,Northern Province,-1.5103911,29.6420026,Food & Drink,restaurant,Moderate,1-2 hours,Mixed,unknown,unknown,Low,9,OpenStreetMap,2026-06-09
inzira_6273753386,Panama Club,Musanze,Northern Province,-1.5094144,29.6444105,Food & Drink,restaurant,Moderate,1-2 hours,Mixed,unknown,unknown,Low,9,OpenStreetMap,2026-06-09
inzira_6273806686,Kimaranzara,Gakenke,Northern Province,-1.6630069,29.887522,Food & Drink,restaurant,Moderate,1-2 hours,Mixed,unknown,unknown,Low,9,OpenStreetMap,2026-06-09
inzira_6276434586,Zebra Pub,Kicukiro,Kigali City,-1.9602839,30.1113576,Food & Drink,restaurant,Moderate,1-2 hours,Mixed,unknown,unknown,Low,5,OpenStreetMap,2026-06-09
inzira_6285337994,cafeteria and bakery,Musanze,Northern Province,-1.4953699,29.6402719,Food & Drink,restaurant,Moderate,1-2 hours,Mixed,unknown,unknown,Low,9,OpenStreetMap,2026-06-09
inzira_6285338491,Bar,Karongi,Western Province,-2.1369062,29.3164341,Food & Drink,restaurant,Moderate,1-2 hours,Mixed,unknown,unknown,Low,9,OpenStreetMap,2026-06-09
inzira_6293758595,Belge Frites,Nyarugenge,Kigali City,-1.949374,30.0598149,Food & Drink,restaurant,Moderate,1-2 hours,Mixed,unknown,unknown,Low,5,OpenStreetMap,2026-06-09
inzira_6304072485,Kingfisher Beach Restaurant,Huye,Southern Province,-2.6031829,29.7398703,Food & Drink,restaurant,Moderate,1-2 hours,Mixed,unknown,unknown,Low,9,OpenStreetMap,2026-06-09
inzira_6364395561,Kibirizi market,Karongi,Western Province,-2.0607326,29.4083364,Markets & Shopping,shopping,Budget,1-2 hours,Mixed,unknown,unknown,Low,9,OpenStreetMap,2026-06-09
inzira_6385389119,Kingfisher Beach Restaurant,Gasabo,Kigali City,-1.8066737,30.1796277,Food & Drink,restaurant,Moderate,1-2 hours,Mixed,Phone: +250782398856,unknown,Medium,5,OpenStreetMap,2026-06-09
inzira_6385426624,Inka Steakhouse,Kicukiro,Kigali City,-1.960852,30.0952186,Food & Drink,restaurant,Moderate,1-2 hours,Mixed,Phone: +250780302666,unknown,Medium,5,OpenStreetMap,2026-06-09
inzira_6417940385,Al Mannu,Nyarugenge,Kigali City,-1.9641487,30.0600311,Café,"wifi, coffee",Moderate,1-2 hours,Indoor,unknown,unknown,Low,5,OpenStreetMap,2026-06-09
inzira_6423920486,Green Corner,Nyarugenge,Kigali City,-1.9742532,30.0475291,Food & Drink,restaurant,Moderate,1-2 hours,Mixed,unknown,unknown,Low,5,OpenStreetMap,2026-06-09
inzira_6482235785,Borno,Nyarugenge,Kigali City,-1.9594743,30.0837062,Food & Drink,"restaurant, indonesian",Moderate,1-2 hours,Mixed,unknown,unknown,Low,5,OpenStreetMap,2026-06-09
inzira_6482744687,Lavana,Nyarugenge,Kigali City,-1.9598403,30.0829331,Food & Drink,restaurant,Moderate,1-2 hours,Mixed,unknown,unknown,Low,5,OpenStreetMap,2026-06-09
inzira_6592797497,Zenith Restaurant,Nyarugenge,Kigali City,-1.9522267,30.0818108,Food & Drink,restaurant,Moderate,1-2 hours,Mixed,unknown,unknown,Low,5,OpenStreetMap,2026-06-09
inzira_6622521685,Monmartse Korean Restaurant,Musanze,Northern Province,-1.5030979,29.634348,Food & Drink,"restaurant, korean",Moderate,1-2 hours,Mixed,unknown,unknown,Low,9,OpenStreetMap,2026-06-09
inzira_6629597488,Skyblue,Musanze,Northern Province,-1.5013626,29.641032,Food & Drink,"restaurant, barbecue;local",Moderate,1-2 hours,Mixed,unknown,unknown,Low,9,OpenStreetMap,2026-06-09
inzira_6629597489,Tequila caf,Kicukiro,Kigali City,-1.9969526,30.119294,Food & Drink,restaurant,Moderate,1-2 hours,Mixed,unknown,unknown,Low,5,OpenStreetMap,2026-06-09
inzira_6629666285,Inema Cafe,Nyarugenge,Kigali City,-1.9416897,30.0908973,Café,coffee,Moderate,1-2 hours,Indoor,unknown,unknown,Low,5,OpenStreetMap,2026-06-09
inzira_6631330185,Lamane Caf and Bakery,Kicukiro,Kigali City,-1.9755604,30.1082852,Food & Drink,"restaurant, wifi",Moderate,1-2 hours,Mixed,unknown,unknown,Low,5,OpenStreetMap,2026-06-09
inzira_6649420585,Bistro Restaurant & Wine Garage,Rubavu,Western Province,-1.6995963,29.2557925,Food & Drink,restaurant,Moderate,1-2 hours,Mixed,Phone: +250 (0) 785 368825,unknown,Medium,9,OpenStreetMap,2026-06-09
inzira_6649420685,White Rock Bistro,Rubavu,Western Province,-1.6976935,29.250328,Food & Drink,restaurant,Moderate,1-2 hours,Mixed,Phone: +250783000935,unknown,Medium,9,OpenStreetMap,2026-06-09
inzira_6651016388,Lakeside Restaurant & Beach Bar,Rubavu,Western Province,-1.7083735,29.2642141,Food & Drink,restaurant,Moderate,1-2 hours,Mixed,Phone: +250 (0) 787775405,unknown,Medium,9,OpenStreetMap,2026-06-09
inzira_6653418985,Restaurant Jimmy Samson,Rutsiro,Western Province,-1.9480239,29.3441262,Food & Drink,"restaurant, african",Moderate,1-2 hours,Mixed,Phone: +250785070444,unknown,Medium,9,OpenStreetMap,2026-06-09
inzira_6754222321,Baso Ptissier,Nyarugenge,Kigali City,-1.9557698,30.0659408,Café,coffee,Moderate,1-2 hours,Indoor,Website: http://www.basopatissier.com/,unknown,Medium,5,OpenStreetMap,2026-06-09
inzira_6796670185,Sailors Caf,Karongi,Western Province,-2.070389,29.3526137,Café,coffee,Moderate,1-2 hours,Indoor,unknown,unknown,Low,9,OpenStreetMap,2026-06-09
inzira_6796678285,Joyce Restaurant,Karongi,Western Province,-2.0703629,29.3524279,Food & Drink,"restaurant, regional;african",Moderate,1-2 hours,Mixed,unknown,unknown,Low,9,OpenStreetMap,2026-06-09
inzira_6799268185,Vivo Restaurant,Rubavu,Western Province,-1.6963393,29.2626196,Food & Drink,"restaurant, regional;african;local",Moderate,1-2 hours,Mixed,unknown,unknown,Low,9,OpenStreetMap,2026-06-09
inzira_6828627210,Fantastic Restaurant,Nyarugenge,Kigali City,-1.9424688,30.061417,Food & Drink,restaurant,Moderate,1-2 hours,Mixed,unknown,unknown,Low,5,OpenStreetMap,2026-06-09
inzira_6846615886,Milk bar,Nyarugenge,Kigali City,-1.9656686,30.059581,Food & Drink,"restaurant, wifi",Moderate,1-2 hours,Mixed,unknown,unknown,Low,5,OpenStreetMap,2026-06-09
inzira_7144770085,Esta Cafe,Nyarugenge,Kigali City,-1.942748,30.0608083,Food & Drink,restaurant,Moderate,1-2 hours,Mixed,unknown,unknown,Low,5,OpenStreetMap,2026-06-09
inzira_7160197689,Coffe Shop,Kayonza,Eastern Province,-1.9024854,30.5062532,Café,coffee,Moderate,1-2 hours,Indoor,unknown,unknown,Low,9,OpenStreetMap,2026-06-09
inzira_7160197690,Pizza Inn,Kayonza,Eastern Province,-1.9017381,30.506667,Food & Drink,restaurant,Moderate,1-2 hours,Mixed,unknown,unknown,Low,9,OpenStreetMap,2026-06-09
inzira_7169831691,Paradise Rwanda Restobar,Nyarugenge,Kigali City,-1.9358988,30.0846998,Food & Drink,"restaurant, indian",Moderate,1-2 hours,Mixed,unknown,unknown,Low,5,OpenStreetMap,2026-06-09
inzira_7184091187,Twin Lakes View Bar,Burera,Northern Province,-1.4524159,29.7458113,Food & Drink,restaurant,Moderate,1-2 hours,Mixed,unknown,unknown,Low,9,OpenStreetMap,2026-06-09
inzira_7243827822,Barista for Better,Nyarugenge,Kigali City,-1.9736591,30.0769615,Café,coffee,Moderate,1-2 hours,Indoor,unknown,unknown,Low,5,OpenStreetMap,2026-06-09
inzira_7678312088,Camellia,Nyarugenge,Kigali City,-1.9472358,30.0596269,Café,coffee,Moderate,1-2 hours,Indoor,unknown,unknown,Low,5,OpenStreetMap,2026-06-09
inzira_7681148959,Kraft Caf,Nyarugenge,Kigali City,-1.9325187,30.0722829,Café,coffee,Moderate,1-2 hours,Indoor,unknown,unknown,Low,5,OpenStreetMap,2026-06-09
inzira_7705067025,360 Degrees Pizza,Kicukiro,Kigali City,-1.9528934,30.0929006,Food & Drink,"restaurant, pizza;italian",Moderate,1-2 hours,Mixed,Website: http://360degreespizza.rw/,unknown,Medium,5,OpenStreetMap,2026-06-09
inzira_7829426785,Mocha Caf,Gasabo,Kigali City,-1.9263555,30.0914356,Café,"wifi, coffee",Moderate,1-2 hours,Indoor,unknown,unknown,Low,5,OpenStreetMap,2026-06-09
inzira_7831575005,Blackstone Lounge kigali,Kicukiro,Kigali City,-1.9527306,30.0919645,Food & Drink,"restaurant, pizza;burger",Moderate,1-2 hours,Mixed,Phone: +250785037081,unknown,Medium,5,OpenStreetMap,2026-06-09
inzira_8072094982,Tung Chinese Cuisine,Kicukiro,Kigali City,-1.9434823,30.099766,Food & Drink,restaurant,Moderate,1-2 hours,Mixed,unknown,unknown,Low,5,OpenStreetMap,2026-06-09
inzira_8072098433,Billy's Bistro & Bar,Kicukiro,Kigali City,-1.9435308,30.099734,Food & Drink,restaurant,Moderate,1-2 hours,Mixed,unknown,unknown,Low,5,OpenStreetMap,2026-06-09
inzira_8072145772,Delhi Darbar Indian Restaurant,Gasabo,Kigali City,-1.9330463,30.0985556,Food & Drink,restaurant,Moderate,1-2 hours,Mixed,unknown,unknown,Low,5,OpenStreetMap,2026-06-09
inzira_8074043351,Shokola Caf,Nyarugenge,Kigali City,-1.9347796,30.0788009,Café,coffee,Moderate,1-2 hours,Indoor,Phone: +250788350530 | Website: https://www.shokolacafe.com/,unknown,Medium,5,OpenStreetMap,2026-06-09
inzira_8097867520,Kayonza,Kayonza,Eastern Province,-1.8941327,30.4712614,Café,coffee,Moderate,1-2 hours,Indoor,unknown,unknown,Low,9,OpenStreetMap,2026-06-09
inzira_8360433589,Soy,Nyarugenge,Kigali City,-1.9473869,30.0785332,Food & Drink,"restaurant, asian",Moderate,1-2 hours,Mixed,unknown,unknown,Low,5,OpenStreetMap,2026-06-09
inzira_8416289605,Tally Bakery & Cafe,Kicukiro,Kigali City,-1.9618783,30.1204608,Café,coffee,Moderate,1-2 hours,Indoor,unknown,unknown,Low,5,OpenStreetMap,2026-06-09
inzira_8441495849,The Fish Pub,Rwamagana,Eastern Province,-1.8771895,30.3461283,Food & Drink,restaurant,Moderate,1-2 hours,Mixed,unknown,unknown,Low,9,OpenStreetMap,2026-06-09
inzira_8541113808,Meza Malonga,Kicukiro,Kigali City,-1.9561038,30.1054954,Food & Drink,restaurant,Moderate,1-2 hours,Mixed,Website: https://mezamalonga.com/,unknown,Medium,5,OpenStreetMap,2026-06-09
inzira_8581619011,La Charit,Kicukiro,Kigali City,-1.9938061,30.1916201,Food & Drink,restaurant,Moderate,1-2 hours,Mixed,unknown,unknown,Low,5,OpenStreetMap,2026-06-09
inzira_8672759612,Kagugu Minimarket,Gasabo,Kigali City,-1.9183711,30.0909148,Markets & Shopping,shopping,Budget,1-2 hours,Mixed,unknown,unknown,Low,5,OpenStreetMap,2026-06-09
inzira_8700821886,Haute Baso,Gasabo,Kigali City,-1.9241817,30.0917539,Food & Drink,"restaurant, wifi",Moderate,1-2 hours,Mixed,Website: https://www.hautebaso.com/,unknown,Medium,5,OpenStreetMap,2026-06-09
inzira_8715006329,Hashtag,Gasabo,Kigali City,-1.9375869,30.1014296,Food & Drink,restaurant,Moderate,1-2 hours,Mixed,unknown,unknown,Low,5,OpenStreetMap,2026-06-09
inzira_8715006875,La Villa Cafes & Suits,Gasabo,Kigali City,-1.9320227,30.0987788,Café,coffee,Moderate,1-2 hours,Indoor,unknown,unknown,Low,5,OpenStreetMap,2026-06-09
inzira_8715023326,Dae Jang Guem Korean Restaurant,Gasabo,Kigali City,-1.9361382,30.0994032,Food & Drink,restaurant,Moderate,1-2 hours,Mixed,unknown,unknown,Low,5,OpenStreetMap,2026-06-09
inzira_8807396135,Kurry Kingdom,Nyarugenge,Kigali City,-1.9456456,30.0891156,Food & Drink,"restaurant, indian",Moderate,1-2 hours,Mixed,Phone: +250 787605789 | Website: https://www.kurrykingdom.rw/,unknown,Medium,5,OpenStreetMap,2026-06-09
inzira_8838293784,Bwok,Nyarugenge,Kigali City,-1.9467122,30.0796326,Café,"wifi, accessible, coffee",Moderate,1-2 hours,Indoor,unknown,unknown,Low,5,OpenStreetMap,2026-06-09
inzira_8847828030,Rubia Coffee Roasters,Nyarugenge,Kigali City,-1.9510858,30.0846443,Café,coffee,Moderate,1-2 hours,Indoor,unknown,unknown,Low,5,OpenStreetMap,2026-06-09
inzira_8856571922,Downtown Bistro,Nyarugenge,Kigali City,-1.9460536,30.0614763,Food & Drink,restaurant,Moderate,1-2 hours,Mixed,unknown,unknown,Low,5,OpenStreetMap,2026-06-09
inzira_8862840708,Coffee Corner,Nyarugenge,Kigali City,-1.9454256,30.0637697,Food & Drink,restaurant,Moderate,1-2 hours,Mixed,unknown,unknown,Low,5,OpenStreetMap,2026-06-09
inzira_8964637611,Sanza Restaurant,Kicukiro,Kigali City,-1.9601916,30.0950909,Food & Drink,restaurant,Moderate,1-2 hours,Mixed,unknown,unknown,Low,5,OpenStreetMap,2026-06-09
inzira_9073405218,Fusion Restaurant,Nyarugenge,Kigali City,-1.9473796,30.0650917,Food & Drink,restaurant,Moderate,1-2 hours,Mixed,Phone: +250782000001 | Website: https://heavenrwanda.com/fusion-restaurant.php,unknown,Medium,5,OpenStreetMap,2026-06-09
inzira_9074346023,Momento,Kicukiro,Kigali City,-1.9589281,30.111559,Food & Drink,restaurant,Moderate,1-2 hours,Mixed,unknown,unknown,Low,5,OpenStreetMap,2026-06-09
inzira_9074366250,SiZling Plates,Kicukiro,Kigali City,-1.9517497,30.1153267,Food & Drink,restaurant,Moderate,1-2 hours,Mixed,unknown,unknown,Low,5,OpenStreetMap,2026-06-09
inzira_9198957921,Caf Indabo,Nyarugenge,Kigali City,-1.9606523,30.068589,Café,coffee,Moderate,1-2 hours,Indoor,Phone: +250 788 724 292,unknown,Medium,5,OpenStreetMap,2026-06-09
inzira_9205288997,EBIS Restaurant,Huye,Southern Province,-2.5995768,29.7426099,Food & Drink,restaurant,Moderate,1-2 hours,Mixed,unknown,unknown,Low,9,OpenStreetMap,2026-06-09
inzira_9337166588,LAbidjanaise,Kicukiro,Kigali City,-1.9626643,30.1056769,Food & Drink,"restaurant, ivorian",Moderate,1-2 hours,Mixed,unknown,unknown,Low,5,OpenStreetMap,2026-06-09
inzira_9430099217,Spaghetti bolognrse,Nyarugenge,Kigali City,-1.9391594,30.0774406,Food & Drink,restaurant,Moderate,1-2 hours,Mixed,Phone: 0789773239,unknown,Medium,5,OpenStreetMap,2026-06-09
inzira_9457826017,Green Garden Restaurant,Musanze,Northern Province,-1.5095082,29.6418693,Food & Drink,restaurant,Moderate,1-2 hours,Mixed,unknown,unknown,Low,9,OpenStreetMap,2026-06-09
inzira_9562793092,Afia Organics,Kicukiro,Kigali City,-1.9568382,30.1040264,Food & Drink,restaurant,Moderate,1-2 hours,Mixed,Phone: +250 787 322 132 | Website: https://afiaorganics.business.site/,unknown,Medium,5,OpenStreetMap,2026-06-09
inzira_9838495689,El Vista Caf,Nyarugenge,Kigali City,-1.9529412,30.0835214,Café,coffee,Moderate,1-2 hours,Indoor,unknown,unknown,Low,5,OpenStreetMap,2026-06-09
inzira_9969997221,Come again Bar,Kicukiro,Kigali City,-1.959974,30.1187989,Food & Drink,restaurant,Moderate,1-2 hours,Mixed,unknown,unknown,Low,5,OpenStreetMap,2026-06-09
inzira_9982827323,AMIGO LOUNGE,Kicukiro,Kigali City,-1.958087,30.1146223,Food & Drink,restaurant,Moderate,1-2 hours,Mixed,unknown,unknown,Low,5,OpenStreetMap,2026-06-09
inzira_10000515717,Oeil De Faucon,Rubavu,Western Province,-1.7297871,29.272491,Food & Drink,restaurant,Moderate,1-2 hours,Mixed,unknown,unknown,Low,9,OpenStreetMap,2026-06-09
inzira_10138027269,Allegra Hotel,Nyarugenge,Kigali City,-1.9006382,30.0533043,Food & Drink,restaurant,Moderate,1-2 hours,Mixed,unknown,unknown,Low,5,OpenStreetMap,2026-06-09
inzira_10138040579,Harmony Bar,Nyarugenge,Kigali City,-1.9011143,30.0531782,Food & Drink,restaurant,Moderate,1-2 hours,Mixed,unknown,unknown,Low,5,OpenStreetMap,2026-06-09
inzira_10154663417,K. Cafe,Nyarugenge,Kigali City,-1.9463779,30.0608708,Café,coffee,Moderate,1-2 hours,Indoor,unknown,unknown,Low,5,OpenStreetMap,2026-06-09
inzira_10155355749,Repub Lounge,Nyarugenge,Kigali City,-1.9521764,30.081562,Food & Drink,restaurant,Moderate,1-2 hours,Mixed,unknown,unknown,Low,5,OpenStreetMap,2026-06-09
inzira_10155361523,Street Food Markt (Carefree zone),Nyarugenge,Kigali City,-1.9649077,30.0601129,Food & Drink,restaurant,Moderate,1-2 hours,Mixed,unknown,unknown,Low,5,OpenStreetMap,2026-06-09
inzira_10157101718,Madaland,Nyarugenge,Kigali City,-1.9694353,30.0579126,Food & Drink,restaurant,Moderate,1-2 hours,Mixed,unknown,unknown,Low,5,OpenStreetMap,2026-06-09
inzira_10162715617,Oroha Sunset Beach,Karongi,Western Province,-2.0666483,29.3410221,Food & Drink,restaurant,Moderate,1-2 hours,Mixed,unknown,unknown,Low,9,OpenStreetMap,2026-06-09
inzira_10230396747,Kubadive,Rusizi,Western Province,-2.4775093,28.9179083,Markets & Shopping,shopping,Budget,1-2 hours,Mixed,unknown,unknown,Low,9,OpenStreetMap,2026-06-09
inzira_10230396748,Rugali Market,Nyamasheke,Western Province,-2.2715584,29.180372,Markets & Shopping,shopping,Budget,1-2 hours,Mixed,unknown,unknown,Low,9,OpenStreetMap,2026-06-09
inzira_10230396749,Karusharirizi,Rusizi,Western Province,-2.4636071,28.9217173,Markets & Shopping,shopping,Budget,1-2 hours,Mixed,unknown,unknown,Low,9,OpenStreetMap,2026-06-09
inzira_10230396756,Rubyiro Site,Rusizi,Western Province,-2.7066572,29.0312422,Markets & Shopping,shopping,Budget,1-2 hours,Mixed,unknown,unknown,Low,9,OpenStreetMap,2026-06-09
inzira_10230396770,Kucyapa,Rusizi,Western Province,-2.4947878,29.0082836,Markets & Shopping,shopping,Budget,1-2 hours,Mixed,unknown,unknown,Low,9,OpenStreetMap,2026-06-09
inzira_10230396771,Gaturika,Rusizi,Western Province,-2.4697444,28.9185136,Markets & Shopping,shopping,Budget,1-2 hours,Mixed,unknown,unknown,Low,9,OpenStreetMap,2026-06-09
inzira_10230396782,Kadashya,Rusizi,Western Province,-2.4861942,28.9217478,Markets & Shopping,shopping,Budget,1-2 hours,Mixed,unknown,unknown,Low,9,OpenStreetMap,2026-06-09
inzira_10230396805,Buhinga Market,Rusizi,Western Province,-2.4245179,29.0707134,Markets & Shopping,shopping,Budget,1-2 hours,Mixed,unknown,unknown,Low,9,OpenStreetMap,2026-06-09
inzira_10230396811,Bugarama Market,Rusizi,Western Province,-2.6979069,29.0082677,Markets & Shopping,shopping,Budget,1-2 hours,Mixed,unknown,unknown,Low,9,OpenStreetMap,2026-06-09
inzira_10230397927,Bugarama Site,Rusizi,Western Province,-2.6995493,29.006157,Markets & Shopping,shopping,Budget,1-2 hours,Mixed,unknown,unknown,Low,9,OpenStreetMap,2026-06-09
inzira_10230397941,Ingurube Market,Rusizi,Western Province,-2.4527221,29.051015,Markets & Shopping,shopping,Budget,1-2 hours,Mixed,unknown,unknown,Low,9,OpenStreetMap,2026-06-09
inzira_10278093509,Chez Les Soeurs,Rutsiro,Western Province,-1.9614005,29.3861522,Food & Drink,restaurant,Moderate,1-2 hours,Mixed,unknown,unknown,Low,9,OpenStreetMap,2026-06-09
inzira_10293917709,Kimi's,Nyarugenge,Kigali City,-1.9465867,30.079725,Food & Drink,"restaurant, barbecue;burger;friture;local",Moderate,1-2 hours,Mixed,unknown,unknown,Low,5,OpenStreetMap,2026-06-09
inzira_10295628409,Kigali Sports Bar & Grills,Nyarugenge,Kigali City,-1.9445691,30.0792399,Food & Drink,"restaurant, barbecue",Moderate,1-2 hours,Mixed,unknown,unknown,Low,5,OpenStreetMap,2026-06-09
inzira_10300389209,Stafford & Family Co,Kamonyi,Southern Province,-2.0221311,29.853931,Food & Drink,"restaurant, african;barbecue;coffee_shop;friture;local;sandwich;tea",Moderate,1-2 hours,Mixed,unknown,unknown,Low,9,OpenStreetMap,2026-06-09
inzira_10300456009,Petit Ciel,Muhanga,Southern Province,-2.0537962,29.8008427,Food & Drink,restaurant,Moderate,1-2 hours,Mixed,unknown,unknown,Low,9,OpenStreetMap,2026-06-09
inzira_10621777082,Nyamagabe Market,Huye,Southern Province,-2.4725875,29.580031,Markets & Shopping,shopping,Budget,1-2 hours,Mixed,unknown,unknown,Low,9,OpenStreetMap,2026-06-09
inzira_10621777084,Gasarenda Market,Nyaruguru,Southern Province,-2.5028767,29.4809034,Markets & Shopping,shopping,Budget,1-2 hours,Mixed,unknown,unknown,Low,9,OpenStreetMap,2026-06-09
inzira_10621777101,Cyizi Market,Huye,Southern Province,-2.5252941,29.653997,Markets & Shopping,shopping,Budget,1-2 hours,Mixed,unknown,unknown,Low,9,OpenStreetMap,2026-06-09
inzira_10621783613,Kizimyamuriro,Nyaruguru,Southern Province,-2.4486928,29.399673,Markets & Shopping,shopping,Budget,1-2 hours,Mixed,unknown,unknown,Low,9,OpenStreetMap,2026-06-09
inzira_10621783623,Rugeti Centre,Nyamasheke,Western Province,-2.4000815,29.4018981,Markets & Shopping,shopping,Budget,1-2 hours,Mixed,unknown,unknown,Low,9,OpenStreetMap,2026-06-09
inzira_10621783624,Sovu Market,Huye,Southern Province,-2.5518695,29.701953,Markets & Shopping,shopping,Budget,1-2 hours,Mixed,unknown,unknown,Low,9,OpenStreetMap,2026-06-09
inzira_10621783627,Kopabinya Farm,Nyaruguru,Southern Province,-2.505392,29.5033356,Markets & Shopping,shopping,Budget,1-2 hours,Mixed,unknown,unknown,Low,9,OpenStreetMap,2026-06-09
inzira_10621783646,Ndago Market,Nyaruguru,Southern Province,-2.6955846,29.5694494,Markets & Shopping,shopping,Budget,1-2 hours,Mixed,unknown,unknown,Low,9,OpenStreetMap,2026-06-09
inzira_10621783723,Brasserie,Rubavu,Western Province,-1.7349741,29.278315,Markets & Shopping,shopping,Budget,1-2 hours,Mixed,unknown,unknown,Low,9,OpenStreetMap,2026-06-09
inzira_10621783724,Buhoro Centre,Rutsiro,Western Province,-1.9193735,29.2988962,Markets & Shopping,shopping,Budget,1-2 hours,Mixed,unknown,unknown,Low,9,OpenStreetMap,2026-06-09
inzira_10621783725,Gacaca Centre,Rutsiro,Western Province,-1.8837474,29.3486954,Markets & Shopping,shopping,Budget,1-2 hours,Mixed,unknown,unknown,Low,9,OpenStreetMap,2026-06-09
inzira_10621783726,Gisiza Market,Rutsiro,Western Province,-1.9147971,29.3692621,Markets & Shopping,shopping,Budget,1-2 hours,Mixed,unknown,unknown,Low,9,OpenStreetMap,2026-06-09
inzira_10629459370,Buringa Market,Muhanga,Southern Province,-2.0015715,29.7012414,Markets & Shopping,shopping,Budget,1-2 hours,Mixed,unknown,unknown,Low,9,OpenStreetMap,2026-06-09
inzira_10629459371,Cyome Market,Ngororero,Western Province,-1.9439639,29.6611825,Markets & Shopping,shopping,Budget,1-2 hours,Mixed,unknown,unknown,Low,9,OpenStreetMap,2026-06-09
inzira_10629459382,Mwibereshi Kageyo Centre,Ngororero,Western Province,-1.8688342,29.5419374,Markets & Shopping,shopping,Budget,1-2 hours,Mixed,unknown,unknown,Low,9,OpenStreetMap,2026-06-09
inzira_10629459383,Guriro Market,Nyabihu,Western Province,-1.6742016,29.5169453,Markets & Shopping,shopping,Budget,1-2 hours,Mixed,unknown,unknown,Low,9,OpenStreetMap,2026-06-09
inzira_10629459392,Mukamira Market,Nyabihu,Western Province,-1.6139071,29.4981224,Markets & Shopping,shopping,Budget,1-2 hours,Mixed,unknown,unknown,Low,9,OpenStreetMap,2026-06-09
inzira_10629459394,Jenda Centre,Nyabihu,Western Province,-1.6248097,29.4692507,Markets & Shopping,shopping,Budget,1-2 hours,Mixed,unknown,unknown,Low,9,OpenStreetMap,2026-06-09
inzira_10753876727,Dr bar,Kicukiro,Kigali City,-1.9584419,30.1129098,Food & Drink,"restaurant, accessible, wifi",Moderate,1-2 hours,Mixed,unknown,unknown,Low,5,OpenStreetMap,2026-06-09
inzira_10753876728,tequila terrace,Kicukiro,Kigali City,-1.9585021,30.1125762,Café,"wifi, accessible, coffee",Moderate,1-2 hours,Indoor,unknown,unknown,Low,5,OpenStreetMap,2026-06-09
inzira_10753876735,Ingoma cafe,Kicukiro,Kigali City,-1.9581174,30.1115687,Café,coffee,Moderate,1-2 hours,Indoor,Phone: +250 788 416 444,unknown,Medium,5,OpenStreetMap,2026-06-09
inzira_10768045740,Sizzling Plates Restaurant,Gasabo,Kigali City,-1.9266335,30.1003118,Food & Drink,"restaurant, taiwanese",Moderate,1-2 hours,Mixed,Phone: +250789266138,unknown,Medium,5,OpenStreetMap,2026-06-09
inzira_10822299036,Bar,Kicukiro,Kigali City,-1.9616848,30.1345654,Food & Drink,restaurant,Moderate,1-2 hours,Mixed,unknown,unknown,Low,5,OpenStreetMap,2026-06-09
inzira_10867970494,M.G Cantine,Kicukiro,Kigali City,-1.9605559,30.1361224,Food & Drink,restaurant,Moderate,1-2 hours,Mixed,unknown,unknown,Low,5,OpenStreetMap,2026-06-09
inzira_10882986155,Kabeza coffee& SPA,Kicukiro,Kigali City,-1.9644561,30.1189864,Café,"wifi, coffee",Moderate,1-2 hours,Indoor,unknown,unknown,Low,5,OpenStreetMap,2026-06-09
inzira_10887424372,Quiver Bar,Musanze,Northern Province,-1.5020299,29.645559,Food & Drink,restaurant,Moderate,1-2 hours,Mixed,unknown,unknown,Low,9,OpenStreetMap,2026-06-09
inzira_10887424373,Faster place,Musanze,Northern Province,-1.5022743,29.6449943,Food & Drink,restaurant,Moderate,1-2 hours,Mixed,unknown,unknown,Low,9,OpenStreetMap,2026-06-09
inzira_10892016108,Urugwiro Canteen kucyamitsingi,Kicukiro,Kigali City,-1.9625163,30.124963,Café,coffee,Moderate,1-2 hours,Indoor,unknown,unknown,Low,5,OpenStreetMap,2026-06-09
inzira_10892993912,Cher kazungu,Bugesera,Eastern Province,-2.1283485,30.0698238,Food & Drink,"restaurant, accessible, regional",Moderate,1-2 hours,Mixed,unknown,unknown,Low,9,OpenStreetMap,2026-06-09
inzira_10892993913,I GIHOZO BAR,Bugesera,Eastern Province,-2.1286076,30.0701205,Food & Drink,restaurant,Moderate,1-2 hours,Mixed,unknown,unknown,Low,9,OpenStreetMap,2026-06-09
inzira_10896393173,Iwacu Bar,Bugesera,Eastern Province,-2.1290352,30.0704663,Food & Drink,"restaurant, accessible, regional",Moderate,1-2 hours,Mixed,unknown,unknown,Low,9,OpenStreetMap,2026-06-09
inzira_10896464421,Lavana Coffe,Bugesera,Eastern Province,-2.0913825,30.0875705,Food & Drink,"restaurant, accessible, regional, wifi",Moderate,1-2 hours,Mixed,unknown,unknown,Low,9,OpenStreetMap,2026-06-09
inzira_10896464422,Skoll Bar,Kicukiro,Kigali City,-2.0779826,30.0989682,Food & Drink,"restaurant, accessible",Moderate,1-2 hours,Mixed,unknown,unknown,Low,5,OpenStreetMap,2026-06-09
inzira_10896464423,Skol Bar,Kicukiro,Kigali City,-2.0761982,30.0989926,Food & Drink,"restaurant, local, accessible, wifi",Moderate,1-2 hours,Mixed,unknown,unknown,Low,5,OpenStreetMap,2026-06-09
inzira_10896464425,OISiS BAR,Kicukiro,Kigali City,-2.0699066,30.090677,Food & Drink,"restaurant, accessible, chicken;fish;breakfast;coffee_shop, wifi",Moderate,1-2 hours,Mixed,unknown,unknown,Low,5,OpenStreetMap,2026-06-09
inzira_10896600904,Daily Inn,Kicukiro,Kigali City,-1.9923375,30.0986733,Food & Drink,"restaurant, accessible, regional, wifi",Moderate,1-2 hours,Mixed,unknown,unknown,Low,5,OpenStreetMap,2026-06-09
inzira_10896608815,Canvilei,Kicukiro,Kigali City,-1.9997423,30.0940901,Food & Drink,"restaurant, accessible, wifi",Moderate,1-2 hours,Mixed,unknown,unknown,Low,5,OpenStreetMap,2026-06-09
inzira_10896608817,Empire,Kicukiro,Kigali City,-1.9779517,30.1047346,Food & Drink,"restaurant, accessible, regional, wifi",Moderate,1-2 hours,Mixed,unknown,unknown,Low,5,OpenStreetMap,2026-06-09
inzira_10896608823,Shekis Bar,Kicukiro,Kigali City,-1.9768027,30.105177,Food & Drink,"restaurant, accessible, wifi",Moderate,1-2 hours,Mixed,unknown,unknown,Low,5,OpenStreetMap,2026-06-09
inzira_10896608828,Uncles,Kicukiro,Kigali City,-1.9740553,30.104423,Food & Drink,"restaurant, accessible, wifi",Moderate,1-2 hours,Mixed,unknown,unknown,Low,5,OpenStreetMap,2026-06-09
inzira_10896608829,Led Resto Bar,Kicukiro,Kigali City,-1.9737078,30.1045832,Food & Drink,"restaurant, accessible, wifi",Moderate,1-2 hours,Mixed,unknown,unknown,Low,5,OpenStreetMap,2026-06-09
inzira_10896608830,Aen,Kicukiro,Kigali City,-1.97367,30.1045226,Café,"accessible, coffee",Moderate,1-2 hours,Indoor,unknown,unknown,Low,5,OpenStreetMap,2026-06-09
inzira_10896608832,Topaz a lounge,Kicukiro,Kigali City,-1.9733572,30.1041274,Food & Drink,"restaurant, pizza, accessible",Moderate,1-2 hours,Mixed,unknown,unknown,Low,5,OpenStreetMap,2026-06-09
inzira_10896608833,Liquel,Kicukiro,Kigali City,-1.9728699,30.1040148,Food & Drink,restaurant,Moderate,1-2 hours,Mixed,unknown,unknown,Low,5,OpenStreetMap,2026-06-09
inzira_10896608834,Caf La Vafecito,Kicukiro,Kigali City,-1.9727063,30.1039484,Café,"accessible, coffee",Moderate,1-2 hours,Indoor,unknown,unknown,Low,5,OpenStreetMap,2026-06-09
inzira_10896608835,Nigerian food,Kicukiro,Kigali City,-1.9718192,30.1038006,Food & Drink,"restaurant, accessible, international;local",Moderate,1-2 hours,Mixed,unknown,unknown,Low,5,OpenStreetMap,2026-06-09
inzira_10896608836,Club 250,Kicukiro,Kigali City,-1.9702078,30.10305,Food & Drink,"restaurant, accessible",Moderate,1-2 hours,Mixed,unknown,unknown,Low,5,OpenStreetMap,2026-06-09
inzira_10896608837,250,Kicukiro,Kigali City,-1.9691676,30.1037044,Food & Drink,"restaurant, accessible",Moderate,1-2 hours,Mixed,unknown,unknown,Low,5,OpenStreetMap,2026-06-09
inzira_10896608838,The Green lounge,Kicukiro,Kigali City,-1.9686902,30.1028179,Food & Drink,"restaurant, accessible",Moderate,1-2 hours,Mixed,unknown,unknown,Low,5,OpenStreetMap,2026-06-09
inzira_10897890372,Fire and Stone Pizza Company,Nyarugenge,Kigali City,-1.933409,30.0795277,Food & Drink,"restaurant, pizza",Moderate,1-2 hours,Mixed,Phone: +250 790 002 444 | Website: https://fireandstonepizzas.com/,unknown,Medium,5,OpenStreetMap,2026-06-09
inzira_10905583953,Avisha Town Motel,Kicukiro,Kigali City,-1.961967,30.137094,Food & Drink,restaurant,Moderate,1-2 hours,Mixed,unknown,unknown,Low,5,OpenStreetMap,2026-06-09
inzira_10931576684,Kicukiro Nyanza Market,Kicukiro,Kigali City,-2.0050249,30.0900459,Markets & Shopping,shopping,Budget,1-2 hours,Mixed,unknown,unknown,Low,5,OpenStreetMap,2026-06-09
inzira_10937244455,Avisha Coffee Shop,Kicukiro,Kigali City,-1.9618618,30.1370294,Café,coffee,Moderate,1-2 hours,Indoor,unknown,unknown,Low,5,OpenStreetMap,2026-06-09
inzira_10937280156,Fruits market,Kicukiro,Kigali City,-1.9604024,30.137553,Markets & Shopping,shopping,Budget,1-2 hours,Mixed,unknown,unknown,Low,5,OpenStreetMap,2026-06-09
inzira_10938976611,Jado's,Kicukiro,Kigali City,-1.9961135,30.1461478,Food & Drink,restaurant,Moderate,1-2 hours,Mixed,unknown,unknown,Low,5,OpenStreetMap,2026-06-09
inzira_10939039126,Shabuka,Kicukiro,Kigali City,-1.9981669,30.1459943,Food & Drink,restaurant,Moderate,1-2 hours,Mixed,unknown,unknown,Low,5,OpenStreetMap,2026-06-09
inzira_10939043211,Fruits shop,Kicukiro,Kigali City,-1.998545,30.1453065,Markets & Shopping,shopping,Budget,1-2 hours,Mixed,unknown,unknown,Low,5,OpenStreetMap,2026-06-09
inzira_10983849806,"Fika Caf, nice place",Nyarugenge,Kigali City,-1.9505265,30.0824033,Café,"wifi, coffee",Moderate,1-2 hours,Indoor,unknown,unknown,Low,5,OpenStreetMap,2026-06-09
inzira_10989082366,DM BAR,Nyarugenge,Kigali City,-1.9520556,30.0521774,Food & Drink,restaurant,Moderate,1-2 hours,Mixed,unknown,unknown,Low,5,OpenStreetMap,2026-06-09
inzira_10989160244,COMO BUSINESS CENTER,Nyarugenge,Kigali City,-1.9395632,30.0481923,Markets & Shopping,shopping,Budget,1-2 hours,Mixed,unknown,unknown,Low,5,OpenStreetMap,2026-06-09
inzira_10989205425,Restaurant Red cross,Nyarugenge,Kigali City,-1.929694,30.0755142,Food & Drink,restaurant,Moderate,1-2 hours,Mixed,unknown,unknown,Low,5,OpenStreetMap,2026-06-09
inzira_10989286505,Turambe Shoppe,Kicukiro,Kigali City,-1.9555924,30.1027453,Café,coffee,Moderate,1-2 hours,Indoor,unknown,unknown,Low,5,OpenStreetMap,2026-06-09
inzira_11006252105,Macoco,Nyarugenge,Kigali City,-1.9647612,30.0603275,Food & Drink,restaurant,Moderate,1-2 hours,Mixed,Phone: 0788506007,unknown,Medium,5,OpenStreetMap,2026-06-09
inzira_11006252205,Issa Coffee,Nyarugenge,Kigali City,-1.9648375,30.0601206,Café,coffee,Moderate,1-2 hours,Indoor,unknown,unknown,Low,5,OpenStreetMap,2026-06-09
inzira_11012446519,Original Bar,Kicukiro,Kigali City,-1.9708051,30.1741312,Food & Drink,restaurant,Moderate,1-2 hours,Mixed,unknown,unknown,Low,5,OpenStreetMap,2026-06-09
inzira_11012464849,Every Bottle,Kicukiro,Kigali City,-1.9766339,30.1703829,Food & Drink,restaurant,Moderate,1-2 hours,Mixed,unknown,unknown,Low,5,OpenStreetMap,2026-06-09
inzira_11012799205,Master Grill,Kicukiro,Kigali City,-1.9592445,30.111142,Food & Drink,restaurant,Moderate,1-2 hours,Mixed,unknown,unknown,Low,5,OpenStreetMap,2026-06-09
inzira_11054740705,Young Generation,Nyabihu,Western Province,-1.6920642,29.6344107,Food & Drink,restaurant,Moderate,1-2 hours,Mixed,unknown,unknown,Low,9,OpenStreetMap,2026-06-09
inzira_11185968897,Kivu View,Karongi,Western Province,-2.0699822,29.352611,Food & Drink,restaurant,Moderate,1-2 hours,Mixed,unknown,unknown,Low,9,OpenStreetMap,2026-06-09
inzira_11227517337,Honey Restaurant,Nyarugenge,Kigali City,-1.9422401,30.0562867,Food & Drink,restaurant,Moderate,1-2 hours,Mixed,unknown,unknown,Low,5,OpenStreetMap,2026-06-09
inzira_11236690837,Lippia Restaurant,Musanze,Northern Province,-1.5073751,29.6438505,Food & Drink,restaurant,Moderate,1-2 hours,Mixed,unknown,unknown,Low,9,OpenStreetMap,2026-06-09
inzira_11236693938,Nyirantarengwa,Musanze,Northern Province,-1.5073405,29.6436011,Food & Drink,restaurant,Moderate,1-2 hours,Mixed,unknown,unknown,Low,9,OpenStreetMap,2026-06-09
inzira_11240673539,Paris Hotel Restaurant Bar,Musanze,Northern Province,-1.5072858,29.6431544,Food & Drink,restaurant,Moderate,1-2 hours,Mixed,unknown,unknown,Low,9,OpenStreetMap,2026-06-09
inzira_11240691738,Skyline Bar,Musanze,Northern Province,-1.5072204,29.6416537,Food & Drink,restaurant,Moderate,1-2 hours,Mixed,Phone: +2500786904784,unknown,Medium,9,OpenStreetMap,2026-06-09
inzira_11240707537,La Paillotte Bar Restaurant Pizzria,Musanze,Northern Province,-1.4404764,29.5772861,Food & Drink,restaurant,Moderate,1-2 hours,Mixed,Phone: +250785523561,unknown,Medium,9,OpenStreetMap,2026-06-09
inzira_11247405737,Chinese Restaurant,Huye,Southern Province,-2.6009972,29.7419226,Food & Drink,restaurant,Moderate,1-2 hours,Mixed,unknown,unknown,Low,9,OpenStreetMap,2026-06-09
inzira_11250960837,Karisma Coffee & Restaurant,Rusizi,Western Province,-2.4804526,28.9125415,Food & Drink,restaurant,Moderate,1-2 hours,Mixed,unknown,unknown,Low,9,OpenStreetMap,2026-06-09
inzira_11251390137,+243 Chez Tresor Bar & Resto,Rusizi,Western Province,-2.4854059,28.914296,Food & Drink,restaurant,Moderate,1-2 hours,Mixed,unknown,unknown,Low,9,OpenStreetMap,2026-06-09
inzira_11365749870,Craft Caf + Kigali pottery where u can buy ceramics,Nyarugenge,Kigali City,-1.9323041,30.0722827,Café,coffee,Moderate,1-2 hours,Indoor,unknown,unknown,Low,5,OpenStreetMap,2026-06-09
inzira_11379953269,Ishimwe restaurant,Kicukiro,Kigali City,-1.9498466,30.1251684,Food & Drink,restaurant,Moderate,1-2 hours,Mixed,unknown,unknown,Low,5,OpenStreetMap,2026-06-09
inzira_11381676769,Agaciro Restaurant,Bugesera,Eastern Province,-2.373821,30.1353602,Food & Drink,restaurant,Moderate,1-2 hours,Mixed,unknown,unknown,Low,9,OpenStreetMap,2026-06-09
inzira_11394056669,Coffee and restaurant,Nyamasheke,Western Province,-2.2872708,29.3024434,Café,coffee,Moderate,1-2 hours,Indoor,unknown,unknown,Low,9,OpenStreetMap,2026-06-09
inzira_11396041869,Kivu Coffee Cup,Karongi,Western Province,-2.0710885,29.3525975,Café,coffee,Moderate,1-2 hours,Indoor,unknown,unknown,Low,9,OpenStreetMap,2026-06-09
inzira_11396041969,Chacha caf,Karongi,Western Province,-2.0687891,29.3494422,Café,coffee,Moderate,1-2 hours,Indoor,unknown,unknown,Low,9,OpenStreetMap,2026-06-09
inzira_11407186369,Ibiscus coffee shop,Nyabihu,Western Province,-1.6086914,29.5088539,Café,coffee,Moderate,1-2 hours,Indoor,unknown,unknown,Low,9,OpenStreetMap,2026-06-09
inzira_11431748769,Kuruhimbi milk bar,Nyarugenge,Kigali City,-1.970763,30.0500792,Food & Drink,restaurant,Moderate,1-2 hours,Mixed,unknown,unknown,Low,5,OpenStreetMap,2026-06-09
inzira_11472804920,Tugende Bike Cafe,Kicukiro,Kigali City,-1.9562576,30.0959369,Food & Drink,restaurant,Moderate,1-2 hours,Mixed,unknown,unknown,Low,5,OpenStreetMap,2026-06-09
inzira_11483349163,Java House,Kicukiro,Kigali City,-1.9578314,30.1108172,Café,coffee,Moderate,1-2 hours,Indoor,unknown,unknown,Low,5,OpenStreetMap,2026-06-09
inzira_11585267873,Kivu noir Caf,Nyarugenge,Kigali City,-1.9510666,30.0600184,Café,coffee,Moderate,1-2 hours,Indoor,Website: http://www.kivunoir.rw/,unknown,Medium,5,OpenStreetMap,2026-06-09
inzira_11650717970,Lavish Coffee,Gasabo,Kigali City,-1.9420674,30.1233105,Café,coffee,Moderate,1-2 hours,Indoor,unknown,unknown,Low,5,OpenStreetMap,2026-06-09
inzira_11650890830,The Fork Kibagabaga,Gasabo,Kigali City,-1.9317793,30.1143744,Food & Drink,restaurant,Moderate,1-2 hours,Mixed,unknown,unknown,Low,5,OpenStreetMap,2026-06-09
inzira_11651013577,Sud Kigali,Nyarugenge,Kigali City,-1.9520593,30.0819484,Food & Drink,restaurant,Moderate,1-2 hours,Mixed,unknown,unknown,Low,5,OpenStreetMap,2026-06-09
inzira_11651402124,Matimba Market,Nyagatare,Eastern Province,-1.1195343,30.4243966,Markets & Shopping,shopping,Budget,1-2 hours,Mixed,unknown,unknown,Low,9,OpenStreetMap,2026-06-09
inzira_11672220484,Golf lake beach,Karongi,Western Province,-2.061575,29.3472708,Food & Drink,restaurant,Moderate,1-2 hours,Mixed,unknown,unknown,Low,9,OpenStreetMap,2026-06-09
inzira_11676412073,Kimwe pub,Karongi,Western Province,-2.0691083,29.3445209,Food & Drink,restaurant,Moderate,1-2 hours,Mixed,unknown,unknown,Low,9,OpenStreetMap,2026-06-09
inzira_11688063795,Barista for Better,Nyarugenge,Kigali City,-1.9691088,30.0574338,Café,coffee,Moderate,1-2 hours,Indoor,unknown,unknown,Low,5,OpenStreetMap,2026-06-09
inzira_11753693075,Gochiru,Nyarugenge,Kigali City,-1.9628735,30.0194207,Food & Drink,restaurant,Moderate,1-2 hours,Mixed,unknown,unknown,Low,5,OpenStreetMap,2026-06-09
inzira_11769008626,Simba Restaurant,Nyarugenge,Kigali City,-1.9459462,30.05987,Food & Drink,"restaurant, coffee_shop;pizza",Moderate,1-2 hours,Mixed,unknown,unknown,Low,5,OpenStreetMap,2026-06-09
inzira_11831863599,Restaurant Tranquillite,Muhanga,Southern Province,-2.0833478,29.7506945,Food & Drink,restaurant,Moderate,1-2 hours,Mixed,unknown,unknown,Low,9,OpenStreetMap,2026-06-09
inzira_11964168364,Murugwiro restaurant,Karongi,Western Province,-2.0684415,29.3459037,Food & Drink,restaurant,Moderate,1-2 hours,Mixed,Phone: +250 788 538 981,unknown,Medium,9,OpenStreetMap,2026-06-09
inzira_12164423848,"Meze fresh Kacyiru,RBA",Nyarugenge,Kigali City,-1.9380681,30.0837515,Food & Drink,"restaurant, burger;sandwich",Moderate,1-2 hours,Mixed,unknown,unknown,Low,5,OpenStreetMap,2026-06-09
inzira_12204738701,Foul and Falafel,Nyarugenge,Kigali City,-1.9662102,30.0598382,Food & Drink,"restaurant, arab;lebanese;oriental",Moderate,1-2 hours,Mixed,Phone: +250 791 206 683,unknown,Medium,5,OpenStreetMap,2026-06-09
inzira_12255246801,Gravity,Musanze,Northern Province,-1.5089649,29.6416739,Food & Drink,"restaurant, african",Moderate,1-2 hours,Mixed,unknown,unknown,Low,9,OpenStreetMap,2026-06-09
inzira_12307212323,Burger Bros,Kicukiro,Kigali City,-1.9589516,30.1129508,Food & Drink,"restaurant, burger",Moderate,1-2 hours,Mixed,Phone: 0795288854,unknown,Medium,5,OpenStreetMap,2026-06-09
inzira_12358506335,Asaabe Caf and Eatery,Karongi,Western Province,-2.0596554,29.4111347,Café,coffee,Moderate,1-2 hours,Indoor,unknown,unknown,Low,9,OpenStreetMap,2026-06-09
inzira_12383330357,Umucyo Restorent,Huye,Southern Province,-2.6122898,29.7390451,Food & Drink,restaurant,Moderate,1-2 hours,Mixed,unknown,unknown,Low,9,OpenStreetMap,2026-06-09
inzira_12383413667,Rwabayanga Market,Huye,Southern Province,-2.6045506,29.7374521,Markets & Shopping,shopping,Budget,1-2 hours,Mixed,unknown,unknown,Low,9,OpenStreetMap,2026-06-09
inzira_12383431097,City Sinack Resto-Bar,Huye,Southern Province,-2.6031835,29.7409852,Food & Drink,restaurant,Moderate,1-2 hours,Mixed,unknown,unknown,Low,9,OpenStreetMap,2026-06-09
inzira_12507219201,Kinyababa,Burera,Northern Province,-1.3709343,29.8109879,Markets & Shopping,shopping,Budget,1-2 hours,Mixed,unknown,unknown,Low,9,OpenStreetMap,2026-06-09
inzira_12525931701,Indian Curries,Nyarugenge,Kigali City,-1.9453752,30.0599278,Food & Drink,restaurant,Moderate,1-2 hours,Mixed,unknown,unknown,Low,5,OpenStreetMap,2026-06-09
inzira_12892623008,Cafeteria,Bugesera,Eastern Province,-2.270206,30.2605278,Food & Drink,restaurant,Moderate,1-2 hours,Mixed,unknown,unknown,Low,9,OpenStreetMap,2026-06-09
inzira_13034635101,Kattina's,Kicukiro,Kigali City,-1.9565643,30.1065835,Café,"wifi, coffee",Moderate,1-2 hours,Indoor,unknown,unknown,Low,5,OpenStreetMap,2026-06-09
inzira_13086710704,Niyo Arts Centre,Nyarugenge,Kigali City,-1.9328994,30.077137,Arts & Entertainment,art,unknown,2-3 hours,Indoor,Phone: +250 788 932 111 | Website: https://www.niyoartscenter.com/,unknown,Medium,5,OpenStreetMap,2026-06-09
inzira_13229904392,Nzige Market Place,Rwamagana,Eastern Province,-2.0270214,30.3379399,Markets & Shopping,shopping,Budget,1-2 hours,Mixed,unknown,unknown,Low,9,OpenStreetMap,2026-06-09
inzira_13319103101,Virunga Mountain Spirits,Musanze,Northern Province,-1.4556443,29.608667,Food & Drink,"restaurant, wifi, international",Moderate,1-2 hours,Mixed,Phone: +250 781 198 951 | Website: https://www.virungamountainspirits.com/,unknown,Medium,9,OpenStreetMap,2026-06-09
inzira_13339882435,Y,Nyarugenge,Kigali City,-1.9413803,30.0796122,Café,coffee,Moderate,1-2 hours,Indoor,unknown,unknown,Low,5,OpenStreetMap,2026-06-09
inzira_13369149101,Zahabu restaurant,Musanze,Northern Province,-1.4941187,29.6475872,Food & Drink,restaurant,Moderate,1-2 hours,Mixed,unknown,unknown,Low,9,OpenStreetMap,2026-06-09
inzira_13390977706,Kigali Pan-Afrikan Kitchen,Nyarugenge,Kigali City,-1.9493205,30.0597934,Food & Drink,restaurant,Moderate,1-2 hours,Mixed,unknown,unknown,Low,5,OpenStreetMap,2026-06-09
inzira_13450310495,Kabul Kigali,Nyarugenge,Kigali City,-1.9655963,30.0600532,Food & Drink,restaurant,Moderate,1-2 hours,Mixed,unknown,unknown,Low,5,OpenStreetMap,2026-06-09
inzira_13641814074,Kenomu Coffee Shop,Bugesera,Eastern Province,-2.2987573,30.038574,Café,coffee,Moderate,1-2 hours,Indoor,Phone: +250 793 035 603,unknown,Medium,9,OpenStreetMap,2026-06-09
inzira_13664364651,Chinesse Restaurant,Kicukiro,Kigali City,-1.9625659,30.1028246,Food & Drink,"restaurant, chinese",Moderate,1-2 hours,Mixed,unknown,unknown,Low,5,OpenStreetMap,2026-06-09
inzira_106084512,Senior Officers Mess,Nyarugenge,Kigali City,-1.9569096,30.0869396,Food & Drink,restaurant,Moderate,1-2 hours,Mixed,unknown,unknown,Low,5,OpenStreetMap,2026-06-09
inzira_106506354,Kimironko Market,Kicukiro,Kigali City,-1.9498698,30.1262203,Markets & Shopping,shopping,Budget,1-2 hours,Mixed,unknown,unknown,Medium,5,OpenStreetMap,2026-06-09
inzira_107543394,Khana Khazana Kiyovu,Nyarugenge,Kigali City,-1.9472653,30.0659717,Food & Drink,"restaurant, indian",Moderate,1-2 hours,Mixed,Phone: +250788499600 | Website: https://www.khanakhazana.rw/,unknown,Medium,5,OpenStreetMap,2026-06-09
inzira_119911737,Coffeeshop Company,Nyarugenge,Kigali City,-1.9508671,30.0595741,Café,coffee,Moderate,1-2 hours,Indoor,unknown,unknown,Low,5,OpenStreetMap,2026-06-09
inzira_127095192,Switch,Nyarugenge,Kigali City,-1.954375,30.0832052,Food & Drink,restaurant,Moderate,1-2 hours,Mixed,unknown,unknown,Low,5,OpenStreetMap,2026-06-09
inzira_132273655,MTN Centre,Gasabo,Kigali City,-1.9407761,30.1034302,Attraction,explore,unknown,unknown,Mixed,unknown,unknown,Low,5,OpenStreetMap,2026-06-09
inzira_173161066,Ministry of Education (MINEDUC),Nyarugenge,Kigali City,-1.9370119,30.0798666,Attraction,explore,unknown,unknown,Mixed,unknown,unknown,Low,5,OpenStreetMap,2026-06-09
inzira_173164161,"Bank Populaire du Rwanda, Kacyiru Branch",Nyarugenge,Kigali City,-1.9388817,30.0782713,Attraction,explore,unknown,unknown,Mixed,unknown,unknown,Low,5,OpenStreetMap,2026-06-09
inzira_173300294,Central Union of Rwandan Workers' Trade Unions (CESTRAR),Nyarugenge,Kigali City,-1.9382558,30.0788083,Attraction,explore,unknown,unknown,Mixed,unknown,unknown,Low,5,OpenStreetMap,2026-06-09
inzira_173303222,Ugandan Restaurant,Kicukiro,Kigali City,-1.9636991,30.1082635,Food & Drink,restaurant,Moderate,1-2 hours,Mixed,unknown,unknown,Low,5,OpenStreetMap,2026-06-09
inzira_173303448,Beijing Tangren Restaurant,Kicukiro,Kigali City,-1.9548509,30.1037556,Food & Drink,restaurant,Moderate,1-2 hours,Mixed,unknown,unknown,Low,5,OpenStreetMap,2026-06-09
inzira_173303844,Sector Gisozi office,Nyarugenge,Kigali City,-1.9234979,30.0714037,Attraction,explore,unknown,unknown,Mixed,unknown,unknown,Low,5,OpenStreetMap,2026-06-09
inzira_173305920,Gender Monitoring Office,Kicukiro,Kigali City,-1.9565155,30.1037878,Attraction,explore,unknown,unknown,Mixed,unknown,unknown,Low,5,OpenStreetMap,2026-06-09
inzira_173308862,Nyamirambo Market Place,Nyarugenge,Kigali City,-1.9752781,30.0511151,Markets & Shopping,shopping,Budget,1-2 hours,Mixed,unknown,unknown,Low,5,OpenStreetMap,2026-06-09
inzira_177856775,Kabeza Modern Market,Kicukiro,Kigali City,-1.9700562,30.1257077,Markets & Shopping,shopping,Budget,1-2 hours,Mixed,unknown,unknown,Low,5,OpenStreetMap,2026-06-09
inzira_177860124,Afika Bite,Nyarugenge,Kigali City,-1.9518508,30.081643,Food & Drink,restaurant,Moderate,1-2 hours,Mixed,unknown,unknown,Low,5,OpenStreetMap,2026-06-09
inzira_177861557,Umurenge wa Kimironko,Gasabo,Kigali City,-1.9449808,30.1273991,Attraction,explore,unknown,unknown,Mixed,unknown,unknown,Low,5,OpenStreetMap,2026-06-09
inzira_177861740,Caf Royal,Nyarugenge,Kigali City,-1.9490452,30.0795012,Café,coffee,Moderate,1-2 hours,Indoor,unknown,unknown,Low,5,OpenStreetMap,2026-06-09
inzira_177861751,Poivre Noir,Nyarugenge,Kigali City,-1.9495837,30.0811358,Food & Drink,restaurant,Moderate,1-2 hours,Mixed,unknown,unknown,Low,5,OpenStreetMap,2026-06-09
inzira_193407127,Rubavu Market,Rubavu,Western Province,-1.6957094,29.2623926,Markets & Shopping,shopping,Budget,1-2 hours,Mixed,unknown,unknown,Low,9,OpenStreetMap,2026-06-09
inzira_206839949,Kibagabaga Cell Office,Gasabo,Kigali City,-1.9331774,30.111668,Attraction,explore,unknown,unknown,Mixed,unknown,unknown,Low,5,OpenStreetMap,2026-06-09
inzira_225708077,Touristic Bar & Restaurant,Rwamagana,Eastern Province,-1.9470288,30.4419174,Food & Drink,restaurant,Moderate,1-2 hours,Mixed,unknown,unknown,Low,9,OpenStreetMap,2026-06-09
inzira_236387984,Karubamba's Market,Kayonza,Eastern Province,-1.8012175,30.5016129,Markets & Shopping,shopping,Budget,1-2 hours,Mixed,unknown,unknown,Low,9,OpenStreetMap,2026-06-09
inzira_237255479,Cactus restaurant,Huye,Southern Province,-2.5956337,29.7431439,Food & Drink,"restaurant, regional",Moderate,1-2 hours,Mixed,unknown,unknown,Low,9,OpenStreetMap,2026-06-09
inzira_237255482,DUHAMIC-ADRI BUREAU ANTENNE SUD,Huye,Southern Province,-2.593792,29.7469148,Attraction,explore,unknown,unknown,Mixed,unknown,unknown,Low,9,OpenStreetMap,2026-06-09
inzira_237255631,Huye District Office,Huye,Southern Province,-2.5980683,29.7420706,Attraction,explore,unknown,unknown,Mixed,unknown,unknown,Low,9,OpenStreetMap,2026-06-09
inzira_237255634,MNDA,Huye,Southern Province,-2.5976062,29.7509663,Attraction,explore,unknown,unknown,Mixed,unknown,unknown,Low,9,OpenStreetMap,2026-06-09
inzira_262440403,Chez John,Nyarugenge,Kigali City,-1.9574106,30.0699664,Food & Drink,"restaurant, regional",Moderate,1-2 hours,Mixed,unknown,unknown,Low,5,OpenStreetMap,2026-06-09
inzira_275880667,Inema Arts Center,Nyarugenge,Kigali City,-1.9442699,30.0908302,Arts & Entertainment,"accessible, art, wifi",unknown,2-3 hours,Indoor,Phone: +250 0783187646 | Website: https://www.inemaartcenter.com/ | Email: inemart@gmail.com,unknown,High,3,OpenStreetMap,2026-06-09
inzira_304384503,O'Brian's Pub,Gasabo,Kigali City,-1.9322581,30.0972992,Food & Drink,"restaurant, irish",Moderate,1-2 hours,Mixed,unknown,unknown,Low,5,OpenStreetMap,2026-06-09
inzira_443762063,Warehouse Cafeteria,Nyarugenge,Kigali City,-1.9553473,30.0535872,Café,coffee,Moderate,1-2 hours,Indoor,unknown,unknown,Low,5,OpenStreetMap,2026-06-09
inzira_451419816,Kiyonza HQ Canteen,Kayonza,Eastern Province,-1.876821,30.7147244,Food & Drink,restaurant,Moderate,1-2 hours,Mixed,unknown,unknown,Low,9,OpenStreetMap,2026-06-09
inzira_460774155,Picnic spot,Gatsibo,Eastern Province,-1.5362666,30.7061245,Food & Drink,restaurant,Moderate,1-2 hours,Mixed,unknown,unknown,Low,9,OpenStreetMap,2026-06-09
inzira_472384480,Mr Chips,Gasabo,Kigali City,-1.9403488,30.1025899,Food & Drink,restaurant,Moderate,1-2 hours,Mixed,unknown,unknown,Low,5,OpenStreetMap,2026-06-09
inzira_506281551,Happy Day Restaurent,Huye,Southern Province,-2.6154894,29.7444689,Food & Drink,restaurant,Moderate,1-2 hours,Mixed,unknown,unknown,Low,9,OpenStreetMap,2026-06-09
inzira_506281553,University Restaurent,Huye,Southern Province,-2.6154576,29.7439935,Food & Drink,restaurant,Moderate,1-2 hours,Mixed,unknown,unknown,Low,9,OpenStreetMap,2026-06-09
inzira_537335547,Musanze Agricultural products markets,Musanze,Northern Province,-1.5066335,29.6419434,Markets & Shopping,shopping,Budget,1-2 hours,Mixed,unknown,unknown,Low,9,OpenStreetMap,2026-06-09
inzira_552176245,INES Restaurant,Musanze,Northern Province,-1.4986531,29.6122054,Food & Drink,restaurant,Moderate,1-2 hours,Mixed,unknown,unknown,Low,9,OpenStreetMap,2026-06-09
inzira_559396726,Mahoko Market,Rubavu,Western Province,-1.6992291,29.3453073,Markets & Shopping,shopping,Budget,1-2 hours,Mixed,unknown,unknown,Low,9,OpenStreetMap,2026-06-09
inzira_565742213,Monmartse,Kicukiro,Kigali City,-1.9527818,30.103155,Food & Drink,"restaurant, korean_food",Moderate,1-2 hours,Mixed,unknown,unknown,Low,5,OpenStreetMap,2026-06-09
inzira_565748854,Zuri,Kicukiro,Kigali City,-1.9504565,30.1028182,Food & Drink,"restaurant, indian",Moderate,1-2 hours,Mixed,unknown,unknown,Low,5,OpenStreetMap,2026-06-09
inzira_566954743,Ngororero Market,Ngororero,Western Province,-1.8529315,29.6299237,Markets & Shopping,shopping,Budget,1-2 hours,Mixed,unknown,unknown,Low,9,OpenStreetMap,2026-06-09
inzira_602698413,RUKOMO Market,Nyagatare,Eastern Province,-1.3762754,30.2494398,Markets & Shopping,shopping,Budget,1-2 hours,Mixed,unknown,unknown,Low,9,OpenStreetMap,2026-06-09
inzira_618873135,Gahanga Market,Kicukiro,Kigali City,-2.0266587,30.1045776,Markets & Shopping,shopping,Budget,1-2 hours,Mixed,unknown,unknown,Low,5,OpenStreetMap,2026-06-09
inzira_636812720,Gishoma Modern Market,Rusizi,Western Province,-2.633337,28.9470703,Markets & Shopping,shopping,Budget,1-2 hours,Mixed,unknown,unknown,Low,9,OpenStreetMap,2026-06-09
inzira_637667768,Elikapeka,Nyarugenge,Kigali City,-1.9478511,30.0667866,Food & Drink,restaurant,Moderate,1-2 hours,Mixed,Phone: +250783603567,unknown,Medium,5,OpenStreetMap,2026-06-09
inzira_683089282,Yaramba Market,Gicumbi,Northern Province,-1.5617191,30.0159912,Markets & Shopping,shopping,Budget,1-2 hours,Mixed,unknown,unknown,Low,9,OpenStreetMap,2026-06-09
inzira_683094104,Miyove Market,Gicumbi,Northern Province,-1.6118501,29.9768797,Markets & Shopping,shopping,Budget,1-2 hours,Mixed,unknown,unknown,Low,9,OpenStreetMap,2026-06-09
inzira_683095773,Rwiri Market,Rulindo,Northern Province,-1.625761,29.9283206,Markets & Shopping,shopping,Budget,1-2 hours,Mixed,unknown,unknown,Low,9,OpenStreetMap,2026-06-09
inzira_690555678,Cantine scolaire de Muhihi,Gicumbi,Northern Province,-1.6315942,30.0589568,Food & Drink,restaurant,Moderate,1-2 hours,Mixed,unknown,unknown,Low,9,OpenStreetMap,2026-06-09
inzira_700084131,The Hut,Kicukiro,Kigali City,-1.9583858,30.0932999,Food & Drink,restaurant,Moderate,1-2 hours,Mixed,Website: https://www.facebook.com/thehutrwanda/,unknown,Medium,5,OpenStreetMap,2026-06-09
inzira_775221906,Zinia Market,Kicukiro,Kigali City,-1.9723033,30.0992332,Markets & Shopping,"shopping, accessible",Budget,1-2 hours,Mixed,unknown,unknown,Low,5,OpenStreetMap,2026-06-09
inzira_847727069,Le Manoire 707,Nyarugenge,Kigali City,-1.9212968,30.0631701,Food & Drink,"restaurant, regional;chicken;kebab;barbecue",Moderate,1-2 hours,Mixed,unknown,unknown,Low,5,OpenStreetMap,2026-06-09
inzira_980897065,Migano,Nyarugenge,Kigali City,-1.9515487,30.0834151,Food & Drink,restaurant,Moderate,1-2 hours,Mixed,unknown,unknown,Low,5,OpenStreetMap,2026-06-09
inzira_1011304954,Rwesero Market,Nyamasheke,Western Province,-2.3605174,29.0910777,Markets & Shopping,shopping,Budget,1-2 hours,Mixed,unknown,unknown,Low,9,OpenStreetMap,2026-06-09
inzira_1065042199,Gahanga Cricket Stadium's Coffee Shop,Kicukiro,Kigali City,-2.0288638,30.1071791,Café,coffee,Moderate,1-2 hours,Indoor,unknown,unknown,Low,5,OpenStreetMap,2026-06-09
inzira_1068400526,Umusambi Village Caf,Kicukiro,Kigali City,-1.9840583,30.2095197,Café,coffee,Moderate,1-2 hours,Indoor,unknown,unknown,Low,5,OpenStreetMap,2026-06-09
inzira_1092610514,Inganji Steak House,Gasabo,Kigali City,-1.9414274,30.1340497,Food & Drink,"restaurant, steak_house",Moderate,1-2 hours,Mixed,Phone: +250 791 174 831,unknown,Medium,5,OpenStreetMap,2026-06-09
inzira_1105543297,Tyazo Market,Nyamasheke,Western Province,-2.3325843,29.1363295,Markets & Shopping,shopping,Budget,1-2 hours,Mixed,unknown,unknown,Low,9,OpenStreetMap,2026-06-09
inzira_1108000483,Lambo,Kicukiro,Kigali City,-1.9654713,30.1028789,Café,"wifi, coffee",Moderate,1-2 hours,Indoor,Website: https://lambobambo.org,unknown,Medium,5,OpenStreetMap,2026-06-09
inzira_1125293210,Rusizi Market,Rusizi,Western Province,-2.4781636,28.9103753,Markets & Shopping,shopping,Budget,1-2 hours,Mixed,unknown,unknown,Low,9,OpenStreetMap,2026-06-09
inzira_1130716526,Remera Market,Kicukiro,Kigali City,-1.957872,30.1192537,Markets & Shopping,shopping,Budget,1-2 hours,Mixed,unknown,unknown,Low,5,OpenStreetMap,2026-06-09
inzira_1136979116,stamina chapter 2,Kicukiro,Kigali City,-1.9587715,30.1162588,Food & Drink,restaurant,Moderate,1-2 hours,Mixed,unknown,unknown,Low,5,OpenStreetMap,2026-06-09
inzira_1137566823,La Paillotte,Musanze,Northern Province,-1.5076903,29.6432786,Food & Drink,restaurant,Moderate,1-2 hours,Mixed,unknown,unknown,Low,9,OpenStreetMap,2026-06-09
inzira_1138404147,lambanana,Kicukiro,Kigali City,-1.9649537,30.1026811,Food & Drink,"restaurant, chicken;burger;steak_house",Moderate,1-2 hours,Mixed,Phone: 05648545565 | Website: https://ftyrrdb5d.com,unknown,Medium,5,OpenStreetMap,2026-06-09
inzira_1140774752,Kora Market,Nyabihu,Western Province,-1.6115047,29.4465239,Markets & Shopping,shopping,Budget,1-2 hours,Mixed,unknown,unknown,Low,9,OpenStreetMap,2026-06-09
inzira_1153206181,Il giardino verde,Musanze,Northern Province,-1.5136537,29.6135067,Café,coffee,Moderate,1-2 hours,Indoor,unknown,unknown,Low,9,OpenStreetMap,2026-06-09
inzira_1153206188,Da giuliet,Musanze,Northern Province,-1.513677,29.6126144,Food & Drink,"restaurant, italian;chicken",Moderate,1-2 hours,Mixed,unknown,unknown,Low,9,OpenStreetMap,2026-06-09
inzira_1153206212,dino,Musanze,Northern Province,-1.5150237,29.6102329,Food & Drink,"restaurant, pizza",Moderate,1-2 hours,Mixed,unknown,unknown,Low,9,OpenStreetMap,2026-06-09
inzira_1159856686,Atelier du Vin,Kicukiro,Kigali City,-1.9675524,30.0899182,Food & Drink,restaurant,Moderate,1-2 hours,Mixed,Website: https://atelierduvinrwanda.com/,unknown,Medium,5,OpenStreetMap,2026-06-09
inzira_1160836761,Mu Itunda,Kicukiro,Kigali City,-1.9785477,30.148494,Markets & Shopping,shopping,Budget,1-2 hours,Mixed,unknown,unknown,Low,5,OpenStreetMap,2026-06-09
inzira_1161076901,Pedro's Coffee,Kicukiro,Kigali City,-1.9579821,30.1610171,Café,coffee,Moderate,1-2 hours,Indoor,Website: https://pedroscoffee.com/,unknown,Medium,5,OpenStreetMap,2026-06-09
inzira_1165347352,Qahwa House,Kicukiro,Kigali City,-1.9717617,30.1026941,Café,coffee,Moderate,1-2 hours,Indoor,unknown,unknown,Low,5,OpenStreetMap,2026-06-09
inzira_1288598006,La Frecheur,Gakenke,Northern Province,-1.6508903,29.8824434,Food & Drink,restaurant,Moderate,1-2 hours,Mixed,unknown,unknown,Low,9,OpenStreetMap,2026-06-09
inzira_1306395176,Akagera Caf,Kayonza,Eastern Province,-1.9677128,30.6116547,Food & Drink,"restaurant, wifi",Moderate,1-2 hours,Mixed,unknown,unknown,Low,9,OpenStreetMap,2026-06-09
inzira_6082198,Rwanda National Police Headquarters,Nyarugenge,Kigali City,-1.9351075,30.0735982,Attraction,explore,unknown,unknown,Mixed,unknown,unknown,Low,5,OpenStreetMap,2026-06-09
inzira_317543926,Genocide-Memorial Kibuye,Karongi,Western Province,-2.0666761,29.3538304,Cultural & Historic,"history, culture",Moderate,2-3 hours,Mixed,unknown,unknown,Medium,9,OpenStreetMap,2026-06-09
inzira_317576932,Genocide-Memorial Butare,Huye,Southern Province,-2.615929,29.7401713,Cultural & Historic,"history, culture",Moderate,2-3 hours,Mixed,unknown,unknown,Low,10,OpenStreetMap,2026-06-09
inzira_3110072279,Cow,Kayonza,Eastern Province,-1.902111,30.5073008,Cultural & Historic,"history, culture",Moderate,2-3 hours,Mixed,unknown,unknown,Low,10,OpenStreetMap,2026-06-09
inzira_3928434893,Musasa Genocide Memorial,Rutsiro,Western Province,-1.950678,29.339062,Cultural & Historic,"history, culture",Moderate,2-3 hours,Mixed,unknown,unknown,Low,10,OpenStreetMap,2026-06-09
inzira_4796442225,Bisesero Genocide Memorial,Karongi,Western Province,-2.1920204,29.3412828,Cultural & Historic,"history, culture",Moderate,2-3 hours,Mixed,unknown,unknown,Medium,9,OpenStreetMap,2026-06-09
inzira_5361522622,Nyange memorial,Muhanga,Southern Province,-2.0539608,29.5897918,Cultural & Historic,"history, culture",Moderate,2-3 hours,Mixed,unknown,unknown,Low,10,OpenStreetMap,2026-06-09
inzira_5894237894,Gorilla Statue,Nyarugenge,Kigali City,-1.9483685,30.0609848,Cultural & Historic,"history, culture",Moderate,2-3 hours,Mixed,unknown,unknown,Low,6,OpenStreetMap,2026-06-09
inzira_5933996885,Murambi genocide memorial,Nyanza,Southern Province,-2.4552239,29.5677017,Cultural & Historic,"history, culture",Moderate,2-3 hours,Mixed,unknown,unknown,Medium,9,OpenStreetMap,2026-06-09
inzira_6385271404,Muhoza Memorial,Musanze,Northern Province,-1.501829,29.6319716,Cultural & Historic,"history, culture",Moderate,2-3 hours,Mixed,unknown,unknown,Low,10,OpenStreetMap,2026-06-09
inzira_6419585885,Campaign Against Genocide Memorial,Kicukiro,Kigali City,-1.952637,30.0977785,Cultural & Historic,"history, culture",Moderate,2-3 hours,Mixed,unknown,unknown,Low,6,OpenStreetMap,2026-06-09
inzira_6796639087,Gatwaro Genocide Memorial,Karongi,Western Province,-2.0682614,29.3479174,Cultural & Historic,"history, culture",Moderate,2-3 hours,Mixed,unknown,unknown,Medium,9,OpenStreetMap,2026-06-09
inzira_8433065899,Queen Mother's House,Muhanga,Southern Province,-2.1194716,29.747133,Cultural & Historic,"history, culture",Moderate,2-3 hours,Mixed,unknown,unknown,Low,10,OpenStreetMap,2026-06-09
inzira_8450738304,Shangi German Post,Rusizi,Western Province,-2.3757893,29.0002059,Cultural & Historic,"history, culture",Moderate,2-3 hours,Mixed,unknown,unknown,Low,10,OpenStreetMap,2026-06-09
inzira_8454783680,Battle of Rucunshu,Muhanga,Southern Province,-2.1164475,29.797036,Cultural & Historic,"history, culture",Moderate,2-3 hours,Mixed,unknown,unknown,Low,10,OpenStreetMap,2026-06-09
inzira_10789831490,Mata Tea Company Limited,Nyaruguru,Southern Province,-2.5787104,29.5731327,Cultural & Historic,"history, culture",Moderate,2-3 hours,Mixed,unknown,unknown,Low,10,OpenStreetMap,2026-06-09
inzira_10902282205,Mmorial du gnocide,Rulindo,Northern Province,-1.7702484,30.1228245,Cultural & Historic,"history, culture",Moderate,2-3 hours,Mixed,unknown,unknown,Low,10,OpenStreetMap,2026-06-09
inzira_10931526438,Genocide Memorial Nyanza Kicukiro,Kicukiro,Kigali City,-2.0007598,30.0928802,Cultural & Historic,"history, culture",Moderate,2-3 hours,Mixed,unknown,unknown,Low,6,OpenStreetMap,2026-06-09
inzira_11240717837,Genocide Memorial to the Tutsis,Musanze,Northern Province,-1.4412936,29.5808058,Cultural & Historic,"history, culture",Moderate,2-3 hours,Mixed,unknown,unknown,Low,10,OpenStreetMap,2026-06-09
inzira_12673925690,Gasabo King Tree,Gasabo,Kigali City,-1.8023594,30.1536219,Cultural & Historic,"history, culture",Moderate,2-3 hours,Mixed,unknown,unknown,Low,6,OpenStreetMap,2026-06-09
inzira_12701504315,Rutare Royal Tomb,Rulindo,Northern Province,-1.742196,30.1548489,Cultural & Historic,"history, culture",Moderate,2-3 hours,Mixed,unknown,unknown,Low,10,OpenStreetMap,2026-06-09
inzira_235645744,Church Ntarama - Genocid Memorial,Bugesera,Eastern Province,-2.1127069,30.0500025,Cultural & Historic,"history, culture",Moderate,2-3 hours,Mixed,unknown,unknown,Low,10,OpenStreetMap,2026-06-09
inzira_236387968,Genocide Memorial,Kayonza,Eastern Province,-1.7942902,30.5060348,Cultural & Historic,"history, culture",Moderate,2-3 hours,Mixed,unknown,unknown,Low,10,OpenStreetMap,2026-06-09
inzira_236388006,Rukara cementary,Kayonza,Eastern Province,-1.7962283,30.5069919,Cultural & Historic,"history, culture",Moderate,2-3 hours,Mixed,unknown,unknown,Low,10,OpenStreetMap,2026-06-09
inzira_260588323,Tracker Hut,Musanze,Northern Province,-1.4737528,29.4855638,Cultural & Historic,"history, culture",Moderate,2-3 hours,Mixed,unknown,unknown,Low,10,OpenStreetMap,2026-06-09
inzira_260588325,Dian Fossey Hut,Musanze,Northern Province,-1.4735504,29.4847739,Cultural & Historic,"history, culture",Moderate,2-3 hours,Mixed,unknown,unknown,Low,10,OpenStreetMap,2026-06-09
inzira_262441808,Nyamata Church - Genocide Memorial,Bugesera,Eastern Province,-2.1489708,30.0937729,Cultural & Historic,"history, culture",Moderate,2-3 hours,Mixed,unknown,unknown,Low,10,OpenStreetMap,2026-06-09
inzira_262676390,Belgian Soldiers' Memorial,Nyarugenge,Kigali City,-1.9579698,30.0629096,Cultural & Historic,"history, culture",Moderate,2-3 hours,Mixed,unknown,unknown,Low,6,OpenStreetMap,2026-06-09
inzira_391227319,Cyabakamyi Genocide Memorial,Nyanza,Southern Province,-2.3165288,29.6809439,Cultural & Historic,"history, culture",Moderate,2-3 hours,Mixed,unknown,unknown,Low,10,OpenStreetMap,2026-06-09
inzira_436739974,Nyanza Genocide Memorial,Kicukiro,Kigali City,-2.0021175,30.0925926,Cultural & Historic,"history, culture",Moderate,2-3 hours,Mixed,unknown,unknown,Medium,5,OpenStreetMap,2026-06-09
inzira_617191747,Rebero Genocide Memorial,Kicukiro,Kigali City,-1.9943769,30.0723051,Cultural & Historic,"history, culture",Moderate,2-3 hours,Mixed,unknown,unknown,Low,6,OpenStreetMap,2026-06-09
inzira_1125485897,Nyanza Palace,Nyanza,Southern Province,-2.3602223,29.7394521,Cultural & Historic,"history, culture",Moderate,2-3 hours,Mixed,unknown,unknown,Low,10,OpenStreetMap,2026-06-09
inzira_1139255457,Chateau le Marara,Karongi,Western Province,-2.0618105,29.3536636,Cultural & Historic,"history, culture",Moderate,2-3 hours,Mixed,unknown,unknown,Low,10,OpenStreetMap,2026-06-09
inzira_10821271791,Gatare Tea Collection Centers,Nyamasheke,Western Province,-2.3448567,29.2606751,Nature & Wildlife,"wildlife, nature",Budget,1-3 hours,Outdoor,unknown,unknown,Low,9,OpenStreetMap,2026-06-09
inzira_10822299049,Garden,Kicukiro,Kigali City,-1.9634936,30.120881,Nature & Wildlife,"wildlife, nature",Budget,1-3 hours,Outdoor,unknown,unknown,Low,5,OpenStreetMap,2026-06-09
inzira_10839683305,Garden,Kicukiro,Kigali City,-1.9787397,30.1344747,Nature & Wildlife,"wildlife, nature",Budget,1-3 hours,Outdoor,unknown,unknown,Low,5,OpenStreetMap,2026-06-09
inzira_10841476648,home garden,Kicukiro,Kigali City,-1.9716513,30.1324434,Nature & Wildlife,"wildlife, nature",Budget,1-3 hours,Outdoor,unknown,unknown,Low,5,OpenStreetMap,2026-06-09
inzira_10841499701,home garden,Kicukiro,Kigali City,-1.9712356,30.1317397,Nature & Wildlife,"wildlife, nature",Budget,1-3 hours,Outdoor,unknown,unknown,Low,5,OpenStreetMap,2026-06-09
inzira_10841506311,home garden,Kicukiro,Kigali City,-1.9711467,30.1311935,Nature & Wildlife,"wildlife, nature",Budget,1-3 hours,Outdoor,unknown,unknown,Low,5,OpenStreetMap,2026-06-09
inzira_10841506314,home garden,Kicukiro,Kigali City,-1.9715623,30.1311764,Nature & Wildlife,"wildlife, nature",Budget,1-3 hours,Outdoor,unknown,unknown,Low,5,OpenStreetMap,2026-06-09
inzira_10841520214,home garden,Kicukiro,Kigali City,-1.9711874,30.1296458,Nature & Wildlife,"wildlife, nature",Budget,1-3 hours,Outdoor,unknown,unknown,Low,5,OpenStreetMap,2026-06-09
inzira_10841526480,home garden,Kicukiro,Kigali City,-1.9706526,30.1294956,Nature & Wildlife,"wildlife, nature",Budget,1-3 hours,Outdoor,unknown,unknown,Low,5,OpenStreetMap,2026-06-09
inzira_10841526484,home garden,Kicukiro,Kigali City,-1.970228,30.1311193,Nature & Wildlife,"wildlife, nature",Budget,1-3 hours,Outdoor,unknown,unknown,Low,5,OpenStreetMap,2026-06-09
inzira_10865464628,Martin Aviator Garden,Kicukiro,Kigali City,-1.9613873,30.1342174,Nature & Wildlife,"wildlife, nature",Budget,1-3 hours,Outdoor,unknown,unknown,Low,5,OpenStreetMap,2026-06-09
inzira_10867262781,Near the airport,Kicukiro,Kigali City,-1.9615479,30.1353608,Nature & Wildlife,"wildlife, nature",Budget,1-3 hours,Outdoor,unknown,unknown,Low,5,OpenStreetMap,2026-06-09
inzira_10889796894,Agasozi Indatwa,Kicukiro,Kigali City,-1.9632517,30.1272007,Nature & Wildlife,"wildlife, nature",Budget,1-3 hours,Outdoor,unknown,unknown,Low,5,OpenStreetMap,2026-06-09
inzira_253124794,Place de l'Unit Nationale,Nyarugenge,Kigali City,-1.9440095,30.0618857,Nature & Wildlife,"wildlife, nature",Budget,1-3 hours,Outdoor,unknown,unknown,Low,5,OpenStreetMap,2026-06-09
inzira_260588304,Karisoke Research Centre,Musanze,Northern Province,-1.4736369,29.485414,Nature & Wildlife,"wildlife, nature",Budget,1-3 hours,Outdoor,unknown,unknown,Medium,9,OpenStreetMap,2026-06-09
inzira_354871524,Kigali Park,Nyarugenge,Kigali City,-1.9627802,30.0616145,Nature & Wildlife,"wildlife, nature",Budget,1-3 hours,Outdoor,unknown,unknown,Low,5,OpenStreetMap,2026-06-09
inzira_436749613,Ngoma Playground,Huye,Southern Province,-2.6004977,29.7247414,Nature & Wildlife,"wildlife, nature",Budget,1-3 hours,Outdoor,unknown,unknown,Low,9,OpenStreetMap,2026-06-09
inzira_552169625,Ubworoherane Stadium,Musanze,Northern Province,-1.5036669,29.6367386,Nature & Wildlife,"wildlife, nature",Budget,1-3 hours,Outdoor,unknown,unknown,Low,9,OpenStreetMap,2026-06-09
inzira_617191748,Juru Park,Kicukiro,Kigali City,-1.9959589,30.0707478,Nature & Wildlife,"wildlife, nature",Budget,1-3 hours,Outdoor,unknown,unknown,Low,5,OpenStreetMap,2026-06-09
inzira_765200556,Camp kigali parking,Nyarugenge,Kigali City,-1.9607452,30.0622891,Nature & Wildlife,"wildlife, nature",Budget,1-3 hours,Outdoor,unknown,unknown,Low,5,OpenStreetMap,2026-06-09
inzira_781719538,Imfura Park,Nyarugenge,Kigali City,-1.9486316,30.0608144,Nature & Wildlife,"wildlife, nature",Budget,1-3 hours,Outdoor,unknown,unknown,Low,5,OpenStreetMap,2026-06-09
inzira_1010160209,Mukura Forest Reserve,Ngororero,Western Province,-1.989277,29.5220905,Nature & Wildlife,"wildlife, nature",Budget,1-3 hours,Outdoor,unknown,unknown,Low,9,OpenStreetMap,2026-06-09
inzira_1068400540,Umusambi Village,Kicukiro,Kigali City,-1.9856785,30.2102594,Nature & Wildlife,"wildlife, nature",Budget,1-3 hours,Outdoor,unknown,unknown,Low,5,OpenStreetMap,2026-06-09
inzira_1068409927,Kigali Centenary Park,Nyarugenge,Kigali City,-1.9524633,30.0885581,Nature & Wildlife,"wildlife, nature",Budget,1-3 hours,Outdoor,unknown,unknown,Low,5,OpenStreetMap,2026-06-09
inzira_1153206183,Glass Park,Musanze,Northern Province,-1.5139302,29.6130113,Nature & Wildlife,"wildlife, nature",Budget,1-3 hours,Outdoor,unknown,unknown,Low,9,OpenStreetMap,2026-06-09
inzira_1153209738,casa,Musanze,Northern Province,-1.5311619,29.6036418,Nature & Wildlife,"wildlife, nature",Budget,1-3 hours,Outdoor,unknown,unknown,Low,9,OpenStreetMap,2026-06-09
inzira_1153209739,casa,Musanze,Northern Province,-1.5296175,29.603344,Nature & Wildlife,"wildlife, nature",Budget,1-3 hours,Outdoor,unknown,unknown,Low,9,OpenStreetMap,2026-06-09
inzira_1160779362,Gabriella Garden,Gasabo,Kigali City,-1.9424491,30.131704,Nature & Wildlife,"wildlife, nature",Budget,1-3 hours,Outdoor,unknown,unknown,Low,5,OpenStreetMap,2026-06-09
inzira_1467779930,Field near houses,Nyarugenge,Kigali City,-1.98896,30.0360237,Nature & Wildlife,"wildlife, nature",Budget,1-3 hours,Outdoor,unknown,unknown,Low,5,OpenStreetMap,2026-06-09
inzira_1502882919,Open Field,Gatsibo,Eastern Province,-1.7248391,30.3945571,Nature & Wildlife,"wildlife, nature",Budget,1-3 hours,Outdoor,unknown,unknown,Low,9,OpenStreetMap,2026-06-09
inzira_10557007,Echuya Central Proposed National Park,Burera,Northern Province,-1.2928742,29.8247159,Nature & Wildlife,"wildlife, nature",Budget,1-3 hours,Outdoor,unknown,unknown,Low,9,OpenStreetMap,2026-06-09
inzira_14458649,Nyandungu Urban Wetland Eco Tourism Park,Kicukiro,Kigali City,-1.9581331,30.1483123,Nature & Wildlife,"wildlife, nature",Budget,1-3 hours,Outdoor,unknown,unknown,Medium,5,OpenStreetMap,2026-06-09
inzira_19386204,Burigi Chato National Park,Kirehe,Eastern Province,-2.2970701,31.2393344,Nature & Wildlife,"wildlife, nature",Budget,1-3 hours,Outdoor,unknown,unknown,Low,9,OpenStreetMap,2026-06-09
inzira_20127015,Akagera National Park,Gatsibo,Eastern Province,-1.6464985,30.6909602,Nature & Wildlife,"wildlife, nature",Budget,1-3 hours,Outdoor,Website: https://visitakagera.org/,unknown,High,7,OpenStreetMap,2026-06-09
inzira_24967745,Lake Birira,Bugesera,Eastern Province,-2.1763901,30.2951602,Lakes & Waterways,lake,Budget,1-3 hours,Outdoor,unknown,unknown,Medium,9,OpenStreetMap,2026-06-09
inzira_25469586,Lake Cohoha,Bugesera,Eastern Province,-2.4290322,30.0792902,Lakes & Waterways,lake,Budget,1-3 hours,Outdoor,unknown,unknown,Low,9,OpenStreetMap,2026-06-09
inzira_25469700,Lake Sake,Ngoma,Eastern Province,-2.2250965,30.3768804,Lakes & Waterways,lake,Budget,1-3 hours,Outdoor,unknown,unknown,Medium,9,OpenStreetMap,2026-06-09
inzira_25469751,Lake Gashanga,Bugesera,Eastern Province,-2.1464438,30.2359021,Lakes & Waterways,lake,Budget,1-3 hours,Outdoor,unknown,unknown,Medium,9,OpenStreetMap,2026-06-09
inzira_25469754,Lake Kidogo,Bugesera,Eastern Province,-2.1712282,30.2266468,Lakes & Waterways,lake,Budget,1-3 hours,Outdoor,unknown,unknown,Medium,9,OpenStreetMap,2026-06-09
inzira_25469801,Lake Mirayi,Bugesera,Eastern Province,-2.2287008,30.2468078,Lakes & Waterways,lake,Budget,1-3 hours,Outdoor,unknown,unknown,Medium,9,OpenStreetMap,2026-06-09
inzira_25469835,Lake Rumira,Bugesera,Eastern Province,-2.1954256,30.233457,Lakes & Waterways,lake,Budget,1-3 hours,Outdoor,unknown,unknown,Medium,9,OpenStreetMap,2026-06-09
inzira_25470025,Lake Kilimbi,Bugesera,Eastern Province,-2.2587823,30.2710713,Lakes & Waterways,lake,Budget,1-3 hours,Outdoor,unknown,unknown,Medium,9,OpenStreetMap,2026-06-09
inzira_25470189,Lake Muhazi,Rwamagana,Eastern Province,-1.8536831,30.3247198,Lakes & Waterways,lake,Budget,1-3 hours,Outdoor,unknown,unknown,Medium,9,OpenStreetMap,2026-06-09
inzira_25470373,Lake Mpanga,Kirehe,Eastern Province,-2.0487737,30.8075107,Lakes & Waterways,lake,Budget,1-3 hours,Outdoor,unknown,unknown,Medium,9,OpenStreetMap,2026-06-09
inzira_106464594,Nyarutarama Golf Lake,Gasabo,Kigali City,-1.9383265,30.0966471,Lakes & Waterways,lake,Budget,1-3 hours,Outdoor,unknown,unknown,Medium,5,OpenStreetMap,2026-06-09
inzira_125721874,Lake Cyunyu,Nyabihu,Western Province,-1.60518,29.5282988,Lakes & Waterways,lake,Budget,1-3 hours,Outdoor,unknown,unknown,Low,9,OpenStreetMap,2026-06-09
inzira_125806100,Lake Karaba,Ngoma,Eastern Province,-2.280415,30.3653669,Lakes & Waterways,lake,Budget,1-3 hours,Outdoor,unknown,unknown,Medium,9,OpenStreetMap,2026-06-09
inzira_125820697,Lake Nyabugongwe,Ngoma,Eastern Province,-2.3035241,30.4853673,Lakes & Waterways,lake,Budget,1-3 hours,Outdoor,unknown,unknown,Medium,9,OpenStreetMap,2026-06-09
inzira_127950311,Lake Cyohoha North,Bugesera,Eastern Province,-2.2353113,30.1019582,Lakes & Waterways,lake,Budget,1-3 hours,Outdoor,unknown,unknown,Medium,9,OpenStreetMap,2026-06-09
inzira_127950318,Lake Kamudeberi,Bugesera,Eastern Province,-2.2310108,30.0242642,Lakes & Waterways,lake,Budget,1-3 hours,Outdoor,unknown,unknown,Medium,9,OpenStreetMap,2026-06-09
inzira_182568185,Nyabarongo,Nyarugenge,Kigali City,-1.9941865,29.9972725,Lakes & Waterways,lake,Budget,1-3 hours,Outdoor,unknown,unknown,Low,5,OpenStreetMap,2026-06-09
inzira_198343325,Lake Nyirakigugu,Nyabihu,Western Province,-1.6198866,29.4854486,Lakes & Waterways,lake,Budget,1-3 hours,Outdoor,unknown,unknown,Medium,9,OpenStreetMap,2026-06-09
inzira_260590342,Bisoke Crater Lake,Musanze,Northern Province,-1.4609725,29.4867492,Lakes & Waterways,lake,Budget,1-3 hours,Outdoor,unknown,unknown,Medium,9,OpenStreetMap,2026-06-09
inzira_338929841,Nyabarongo,Nyarugenge,Kigali City,-2.0081042,30.0082431,Lakes & Waterways,lake,Budget,1-3 hours,Outdoor,unknown,unknown,Low,5,OpenStreetMap,2026-06-09
inzira_481837782,Nyabarongo,Gakenke,Northern Province,-1.7533102,29.7474442,Lakes & Waterways,lake,Budget,1-3 hours,Outdoor,unknown,unknown,Low,9,OpenStreetMap,2026-06-09
inzira_483737758,Nyabarongo River,Nyarugenge,Kigali City,-2.045398,30.0119988,Lakes & Waterways,lake,Budget,1-3 hours,Outdoor,unknown,unknown,Low,5,OpenStreetMap,2026-06-09
inzira_487205289,Nyabarongo,Kicukiro,Kigali City,-2.0627781,30.0622821,Lakes & Waterways,lake,Budget,1-3 hours,Outdoor,unknown,unknown,Low,5,OpenStreetMap,2026-06-09
inzira_488906817,Akagera River,Kicukiro,Kigali City,-2.0535657,30.1122422,Lakes & Waterways,lake,Budget,1-3 hours,Outdoor,unknown,unknown,Low,5,OpenStreetMap,2026-06-09
inzira_492635003,Lake Cyohoha,Bugesera,Eastern Province,-2.2513721,30.1306091,Lakes & Waterways,lake,Budget,1-3 hours,Outdoor,unknown,unknown,Low,9,OpenStreetMap,2026-06-09
inzira_765201517,Water and electricy control chamber,Nyarugenge,Kigali City,-1.962399,30.0647187,Lakes & Waterways,lake,Budget,1-3 hours,Outdoor,unknown,unknown,Low,5,OpenStreetMap,2026-06-09
inzira_839768241,Ruhwa,Rusizi,Western Province,-2.7406608,29.041109,Lakes & Waterways,lake,Budget,1-3 hours,Outdoor,unknown,unknown,Low,9,OpenStreetMap,2026-06-09
inzira_839768261,Ruhwa,Rusizi,Western Province,-2.737625,29.0411963,Lakes & Waterways,lake,Budget,1-3 hours,Outdoor,unknown,unknown,Low,9,OpenStreetMap,2026-06-09
inzira_839773061,Ruhwa,Rusizi,Western Province,-2.733955,29.0416804,Lakes & Waterways,lake,Budget,1-3 hours,Outdoor,unknown,unknown,Low,9,OpenStreetMap,2026-06-09
inzira_839868851,Ruhwa,Rusizi,Western Province,-2.7278233,29.0426535,Lakes & Waterways,lake,Budget,1-3 hours,Outdoor,unknown,unknown,Low,9,OpenStreetMap,2026-06-09
inzira_839879468,Ruhwa,Rusizi,Western Province,-2.7232669,29.0456369,Lakes & Waterways,lake,Budget,1-3 hours,Outdoor,unknown,unknown,Low,9,OpenStreetMap,2026-06-09
inzira_839879471,Ruhwa,Rusizi,Western Province,-2.7190595,29.0486964,Lakes & Waterways,lake,Budget,1-3 hours,Outdoor,unknown,unknown,Low,9,OpenStreetMap,2026-06-09
inzira_839879472,Ruhwa,Rusizi,Western Province,-2.7143663,29.053016,Lakes & Waterways,lake,Budget,1-3 hours,Outdoor,unknown,unknown,Low,9,OpenStreetMap,2026-06-09
inzira_842256269,Ruhwa,Rusizi,Western Province,-2.6867922,29.0501156,Lakes & Waterways,lake,Budget,1-3 hours,Outdoor,unknown,unknown,Low,9,OpenStreetMap,2026-06-09
inzira_842256270,Ruhwa,Rusizi,Western Province,-2.6909781,29.0537288,Lakes & Waterways,lake,Budget,1-3 hours,Outdoor,unknown,unknown,Low,9,OpenStreetMap,2026-06-09
inzira_842256275,Ruhwa,Rusizi,Western Province,-2.6786581,29.056216,Lakes & Waterways,lake,Budget,1-3 hours,Outdoor,unknown,unknown,Low,9,OpenStreetMap,2026-06-09
inzira_842256288,Ruhwa,Rusizi,Western Province,-2.6956359,29.0519333,Lakes & Waterways,lake,Budget,1-3 hours,Outdoor,unknown,unknown,Low,9,OpenStreetMap,2026-06-09
inzira_842256289,Ruhwa,Rusizi,Western Province,-2.7094067,29.0560998,Lakes & Waterways,lake,Budget,1-3 hours,Outdoor,unknown,unknown,Low,9,OpenStreetMap,2026-06-09
inzira_842256290,Ruhwa,Rusizi,Western Province,-2.7018524,29.0509298,Lakes & Waterways,lake,Budget,1-3 hours,Outdoor,unknown,unknown,Low,9,OpenStreetMap,2026-06-09
inzira_842256291,Ruhwa,Rusizi,Western Province,-2.7061728,29.0538201,Lakes & Waterways,lake,Budget,1-3 hours,Outdoor,unknown,unknown,Low,9,OpenStreetMap,2026-06-09
inzira_842368355,Ruhwa,Rusizi,Western Province,-2.6734389,29.051077,Lakes & Waterways,lake,Budget,1-3 hours,Outdoor,unknown,unknown,Low,9,OpenStreetMap,2026-06-09
inzira_842368376,Ruhwa,Rusizi,Western Province,-2.6305618,29.0536719,Lakes & Waterways,lake,Budget,1-3 hours,Outdoor,unknown,unknown,Low,9,OpenStreetMap,2026-06-09
inzira_842368377,Ruhwa,Rusizi,Western Province,-2.6429437,29.057864,Lakes & Waterways,lake,Budget,1-3 hours,Outdoor,unknown,unknown,Low,9,OpenStreetMap,2026-06-09
inzira_842368378,Ruhwa,Rusizi,Western Province,-2.6635367,29.0499292,Lakes & Waterways,lake,Budget,1-3 hours,Outdoor,unknown,unknown,Low,9,OpenStreetMap,2026-06-09
inzira_842368379,Ruhwa,Rusizi,Western Province,-2.6538247,29.0569133,Lakes & Waterways,lake,Budget,1-3 hours,Outdoor,unknown,unknown,Low,9,OpenStreetMap,2026-06-09
inzira_842447882,Ruhwa,Rusizi,Western Province,-2.6224001,29.0526841,Lakes & Waterways,lake,Budget,1-3 hours,Outdoor,unknown,unknown,Low,9,OpenStreetMap,2026-06-09
inzira_842458722,Ruhwa,Rusizi,Western Province,-2.6091081,29.0637282,Lakes & Waterways,lake,Budget,1-3 hours,Outdoor,unknown,unknown,Low,9,OpenStreetMap,2026-06-09
inzira_842458723,Ruhwa,Rusizi,Western Province,-2.6179888,29.0564386,Lakes & Waterways,lake,Budget,1-3 hours,Outdoor,unknown,unknown,Low,9,OpenStreetMap,2026-06-09
inzira_844429958,Rubyiro,Rusizi,Western Province,-2.7189878,29.0320524,Lakes & Waterways,lake,Budget,1-3 hours,Outdoor,unknown,unknown,Low,9,OpenStreetMap,2026-06-09
inzira_844652382,Rubyiro,Rusizi,Western Province,-2.7012496,29.0303848,Lakes & Waterways,lake,Budget,1-3 hours,Outdoor,unknown,unknown,Low,9,OpenStreetMap,2026-06-09
inzira_844652396,Rubyiro,Rusizi,Western Province,-2.6815322,29.0239107,Lakes & Waterways,lake,Budget,1-3 hours,Outdoor,unknown,unknown,Low,9,OpenStreetMap,2026-06-09
inzira_844652399,Rubyiro,Rusizi,Western Province,-2.6901774,29.0280486,Lakes & Waterways,lake,Budget,1-3 hours,Outdoor,unknown,unknown,Low,9,OpenStreetMap,2026-06-09
inzira_845165116,Ruhwa,Rusizi,Western Province,-2.5977558,29.0800395,Lakes & Waterways,lake,Budget,1-3 hours,Outdoor,unknown,unknown,Low,9,OpenStreetMap,2026-06-09
inzira_845190735,Ruhwa,Rusizi,Western Province,-2.5947318,29.0977748,Lakes & Waterways,lake,Budget,1-3 hours,Outdoor,unknown,unknown,Low,9,OpenStreetMap,2026-06-09
inzira_845190753,Ruhwa,Rusizi,Western Province,-2.597502,29.1113299,Lakes & Waterways,lake,Budget,1-3 hours,Outdoor,unknown,unknown,Low,9,OpenStreetMap,2026-06-09
inzira_845523122,Ruhwa,Nyaruguru,Southern Province,-2.6306013,29.2194081,Lakes & Waterways,lake,Budget,1-3 hours,Outdoor,unknown,unknown,Low,9,OpenStreetMap,2026-06-09
inzira_845530559,Ruhwa,Nyaruguru,Southern Province,-2.6274469,29.2189245,Lakes & Waterways,lake,Budget,1-3 hours,Outdoor,unknown,unknown,Low,9,OpenStreetMap,2026-06-09
inzira_845844200,Ruhwa,Nyaruguru,Southern Province,-2.6253874,29.2165005,Lakes & Waterways,lake,Budget,1-3 hours,Outdoor,unknown,unknown,Low,9,OpenStreetMap,2026-06-09
inzira_845844201,Ruhwa,Nyaruguru,Southern Province,-2.6228175,29.2133989,Lakes & Waterways,lake,Budget,1-3 hours,Outdoor,unknown,unknown,Low,9,OpenStreetMap,2026-06-09
inzira_845865490,Ruhwa,Nyaruguru,Southern Province,-2.6191721,29.2078261,Lakes & Waterways,lake,Budget,1-3 hours,Outdoor,unknown,unknown,Low,9,OpenStreetMap,2026-06-09
inzira_845865530,Ruhwa,Nyaruguru,Southern Province,-2.6256694,29.2386989,Lakes & Waterways,lake,Budget,1-3 hours,Outdoor,unknown,unknown,Low,9,OpenStreetMap,2026-06-09
inzira_846255338,Ruhwa,Rusizi,Western Province,-2.601872,29.1376493,Lakes & Waterways,lake,Budget,1-3 hours,Outdoor,unknown,unknown,Low,9,OpenStreetMap,2026-06-09
inzira_846577192,Ruhwa,Nyaruguru,Southern Province,-2.6266772,29.2319409,Lakes & Waterways,lake,Budget,1-3 hours,Outdoor,unknown,unknown,Low,9,OpenStreetMap,2026-06-09
inzira_846710971,Koko,Rusizi,Western Province,-2.6085626,29.1853335,Lakes & Waterways,lake,Budget,1-3 hours,Outdoor,unknown,unknown,Low,9,OpenStreetMap,2026-06-09
inzira_846721679,Ruhwa,Rusizi,Western Province,-2.6132992,29.1865421,Lakes & Waterways,lake,Budget,1-3 hours,Outdoor,unknown,unknown,Low,9,OpenStreetMap,2026-06-09
inzira_846757997,Ruhwa,Rusizi,Western Province,-2.616613,29.1971749,Lakes & Waterways,lake,Budget,1-3 hours,Outdoor,unknown,unknown,Low,9,OpenStreetMap,2026-06-09
inzira_846784702,Ruhwa,Rusizi,Western Province,-2.614286,29.1793147,Lakes & Waterways,lake,Budget,1-3 hours,Outdoor,unknown,unknown,Low,9,OpenStreetMap,2026-06-09
inzira_846792876,Ruhwa,Rusizi,Western Province,-2.6078463,29.1302983,Lakes & Waterways,lake,Budget,1-3 hours,Outdoor,unknown,unknown,Low,9,OpenStreetMap,2026-06-09
inzira_847292404,Koko,Rusizi,Western Province,-2.6035178,29.1855633,Lakes & Waterways,lake,Budget,1-3 hours,Outdoor,unknown,unknown,Low,9,OpenStreetMap,2026-06-09
inzira_847806936,Ruhwa,Nyaruguru,Southern Province,-2.6286152,29.2241689,Lakes & Waterways,lake,Budget,1-3 hours,Outdoor,unknown,unknown,Low,9,OpenStreetMap,2026-06-09
inzira_849350017,Ruhwa,Rusizi,Western Province,-2.5955062,29.157849,Lakes & Waterways,lake,Budget,1-3 hours,Outdoor,unknown,unknown,Low,9,OpenStreetMap,2026-06-09
inzira_849956022,Ruhwa,Nyaruguru,Southern Province,-2.6234478,29.2444678,Lakes & Waterways,lake,Budget,1-3 hours,Outdoor,unknown,unknown,Low,9,OpenStreetMap,2026-06-09
inzira_849956023,Ruhwa,Rusizi,Western Province,-2.6092692,29.1719019,Lakes & Waterways,lake,Budget,1-3 hours,Outdoor,unknown,unknown,Low,9,OpenStreetMap,2026-06-09
inzira_849956100,Ruhwa,Rusizi,Western Province,-2.5988859,29.1653182,Lakes & Waterways,lake,Budget,1-3 hours,Outdoor,unknown,unknown,Low,9,OpenStreetMap,2026-06-09
inzira_850642742,Koko,Rusizi,Western Province,-2.5976394,29.1850045,Lakes & Waterways,lake,Budget,1-3 hours,Outdoor,unknown,unknown,Low,9,OpenStreetMap,2026-06-09
inzira_851923816,Ruhwa,Rusizi,Western Province,-2.5934167,29.1509661,Lakes & Waterways,lake,Budget,1-3 hours,Outdoor,unknown,unknown,Low,9,OpenStreetMap,2026-06-09
inzira_851939772,Ruhwa,Rusizi,Western Province,-2.6058602,29.124648,Lakes & Waterways,lake,Budget,1-3 hours,Outdoor,unknown,unknown,Low,9,OpenStreetMap,2026-06-09
inzira_852201405,Ruhwa,Rusizi,Western Province,-2.6023911,29.1211186,Lakes & Waterways,lake,Budget,1-3 hours,Outdoor,unknown,unknown,Low,9,OpenStreetMap,2026-06-09
inzira_852201406,Ruhwa,Rusizi,Western Province,-2.6004892,29.118874,Lakes & Waterways,lake,Budget,1-3 hours,Outdoor,unknown,unknown,Low,9,OpenStreetMap,2026-06-09
inzira_852528930,Koko,Rusizi,Western Province,-2.5929641,29.1821665,Lakes & Waterways,lake,Budget,1-3 hours,Outdoor,unknown,unknown,Low,9,OpenStreetMap,2026-06-09
inzira_852549398,Koko,Rusizi,Western Province,-2.5873961,29.1795407,Lakes & Waterways,lake,Budget,1-3 hours,Outdoor,unknown,unknown,Low,9,OpenStreetMap,2026-06-09
inzira_852549400,Koko,Rusizi,Western Province,-2.5822822,29.1784974,Lakes & Waterways,lake,Budget,1-3 hours,Outdoor,unknown,unknown,Low,9,OpenStreetMap,2026-06-09
inzira_854891295,Ruhwa,Rusizi,Western Province,-2.5955224,29.1443179,Lakes & Waterways,lake,Budget,1-3 hours,Outdoor,unknown,unknown,Low,9,OpenStreetMap,2026-06-09
inzira_858663518,Muyanza Site Water Reservoir,Rulindo,Northern Province,-1.7188343,30.0030607,Lakes & Waterways,lake,Budget,1-3 hours,Outdoor,unknown,unknown,Low,9,OpenStreetMap,2026-06-09
inzira_873300323,Rubyiro,Rusizi,Western Province,-2.5758713,29.0366662,Lakes & Waterways,lake,Budget,1-3 hours,Outdoor,unknown,unknown,Low,9,OpenStreetMap,2026-06-09
inzira_874459435,Rubyiro,Rusizi,Western Province,-2.5711206,29.0385729,Lakes & Waterways,lake,Budget,1-3 hours,Outdoor,unknown,unknown,Low,9,OpenStreetMap,2026-06-09
inzira_896279457,Rubyiro,Rusizi,Western Province,-2.6490042,29.0299375,Lakes & Waterways,lake,Budget,1-3 hours,Outdoor,unknown,unknown,Low,9,OpenStreetMap,2026-06-09
inzira_896279464,Rubyiro,Rusizi,Western Province,-2.6542932,29.0284296,Lakes & Waterways,lake,Budget,1-3 hours,Outdoor,unknown,unknown,Low,9,OpenStreetMap,2026-06-09
inzira_896292868,Rubyiro,Rusizi,Western Province,-2.659702,29.0251899,Lakes & Waterways,lake,Budget,1-3 hours,Outdoor,unknown,unknown,Low,9,OpenStreetMap,2026-06-09
inzira_896306494,Rubyiro,Rusizi,Western Province,-2.6773342,29.0241821,Lakes & Waterways,lake,Budget,1-3 hours,Outdoor,unknown,unknown,Low,9,OpenStreetMap,2026-06-09
inzira_897301742,Rubyiro,Rusizi,Western Province,-2.6664107,29.0247781,Lakes & Waterways,lake,Budget,1-3 hours,Outdoor,unknown,unknown,Low,9,OpenStreetMap,2026-06-09
inzira_897301755,Rubyiro,Rusizi,Western Province,-2.6735082,29.0263775,Lakes & Waterways,lake,Budget,1-3 hours,Outdoor,unknown,unknown,Low,9,OpenStreetMap,2026-06-09
inzira_897327060,Rubyiro,Rusizi,Western Province,-2.6461953,29.0327559,Lakes & Waterways,lake,Budget,1-3 hours,Outdoor,unknown,unknown,Low,9,OpenStreetMap,2026-06-09
inzira_897327064,Rubyiro,Rusizi,Western Province,-2.6409896,29.0330837,Lakes & Waterways,lake,Budget,1-3 hours,Outdoor,unknown,unknown,Low,9,OpenStreetMap,2026-06-09
inzira_898187386,Rubyiro,Rusizi,Western Province,-2.632821,29.031447,Lakes & Waterways,lake,Budget,1-3 hours,Outdoor,unknown,unknown,Low,9,OpenStreetMap,2026-06-09
inzira_924701740,Ntora reservoir,Nyarugenge,Kigali City,-1.9151254,30.0560609,Lakes & Waterways,lake,Budget,1-3 hours,Outdoor,unknown,unknown,Low,5,OpenStreetMap,2026-06-09
inzira_966305056,Lake Gaharwa,Bugesera,Eastern Province,-2.2710719,30.2793409,Lakes & Waterways,lake,Budget,1-3 hours,Outdoor,unknown,unknown,Medium,9,OpenStreetMap,2026-06-09
inzira_1068400538,Kingfisher Pond,Kicukiro,Kigali City,-1.9877108,30.2092982,Lakes & Waterways,lake,Budget,1-3 hours,Outdoor,unknown,unknown,Low,5,OpenStreetMap,2026-06-09
inzira_1084243341,Swimming pool 1,Gasabo,Kigali City,-1.9267034,30.095835,Lakes & Waterways,lake,Budget,1-3 hours,Outdoor,unknown,unknown,Low,5,OpenStreetMap,2026-06-09
inzira_1086218053,Pomd Ruhondo,Kicukiro,Kigali City,-1.9563003,30.1480185,Lakes & Waterways,lake,Budget,1-3 hours,Outdoor,unknown,unknown,Low,5,OpenStreetMap,2026-06-09
inzira_1086219192,Pond Imema,Kicukiro,Kigali City,-1.9629538,30.1601943,Lakes & Waterways,lake,Budget,1-3 hours,Outdoor,unknown,unknown,Low,5,OpenStreetMap,2026-06-09
inzira_1090476928,Swimming pool,Gasabo,Kigali City,-1.9261816,30.0957558,Lakes & Waterways,lake,Budget,1-3 hours,Outdoor,unknown,unknown,Low,5,OpenStreetMap,2026-06-09
inzira_1090490550,Swimming pool,Gasabo,Kigali City,-1.9318322,30.0971871,Lakes & Waterways,lake,Budget,1-3 hours,Outdoor,unknown,unknown,Low,5,OpenStreetMap,2026-06-09
inzira_1090490552,Swimming pool,Gasabo,Kigali City,-1.9326186,30.098391,Lakes & Waterways,lake,Budget,1-3 hours,Outdoor,unknown,unknown,Low,5,OpenStreetMap,2026-06-09
inzira_1090490563,Swimming pool,Gasabo,Kigali City,-1.9327227,30.0990135,Lakes & Waterways,lake,Budget,1-3 hours,Outdoor,unknown,unknown,Low,5,OpenStreetMap,2026-06-09
inzira_1090501216,Swimming pool,Gasabo,Kigali City,-1.9373905,30.098107,Lakes & Waterways,lake,Budget,1-3 hours,Outdoor,unknown,unknown,Low,5,OpenStreetMap,2026-06-09
inzira_1221816614,Urugomero rwa Nyanza,Nyanza,Southern Province,-2.366099,29.6968388,Lakes & Waterways,lake,Budget,1-3 hours,Outdoor,unknown,unknown,Low,9,OpenStreetMap,2026-06-09
inzira_9072,Lake Kivu,Rutsiro,Western Province,-2.0419092,29.1086482,Lakes & Waterways,lake,Budget,1-3 hours,Outdoor,unknown,unknown,Medium,9,OpenStreetMap,2026-06-09
inzira_22724,Lake Mihindi,Gatsibo,Eastern Province,-1.5214866,30.7225443,Lakes & Waterways,lake,Budget,1-3 hours,Outdoor,unknown,unknown,Medium,9,OpenStreetMap,2026-06-09
inzira_1338646,Rusizi,Rusizi,Western Province,-2.7329706,29.0304056,Lakes & Waterways,lake,Budget,1-3 hours,Outdoor,unknown,unknown,Low,9,OpenStreetMap,2026-06-09
inzira_1736848,Lake Burera,Burera,Northern Province,-1.4415148,29.782248,Lakes & Waterways,lake,Budget,1-3 hours,Outdoor,unknown,unknown,Medium,9,OpenStreetMap,2026-06-09
inzira_2315756,Lake Cyohoha South,Bugesera,Eastern Province,-2.4290322,30.0792902,Lakes & Waterways,lake,Budget,1-3 hours,Outdoor,unknown,unknown,Medium,9,OpenStreetMap,2026-06-09
inzira_2664865,Ruzizi,Rusizi,Western Province,-2.6721261,28.9574567,Lakes & Waterways,lake,Budget,1-3 hours,Outdoor,unknown,unknown,Low,9,OpenStreetMap,2026-06-09
inzira_2665017,Ruzizi,Rusizi,Western Province,-2.6099644,28.9005983,Lakes & Waterways,lake,Budget,1-3 hours,Outdoor,unknown,unknown,Low,9,OpenStreetMap,2026-06-09
inzira_3990246,Lake Rweru,Ngoma,Eastern Province,-2.3888478,30.3313502,Lakes & Waterways,lake,Budget,1-3 hours,Outdoor,unknown,unknown,Medium,9,OpenStreetMap,2026-06-09
inzira_5322991,Lake Mugesera,Ngoma,Eastern Province,-2.1396574,30.3623994,Lakes & Waterways,lake,Budget,1-3 hours,Outdoor,unknown,unknown,Medium,9,OpenStreetMap,2026-06-09
inzira_5512005,Lake Ihema,Kayonza,Eastern Province,-1.890171,30.7716954,Lakes & Waterways,lake,Budget,1-3 hours,Outdoor,unknown,unknown,Medium,9,OpenStreetMap,2026-06-09
inzira_13031338,Ruzizi,Rusizi,Western Province,-2.5002583,28.8843421,Lakes & Waterways,lake,Budget,1-3 hours,Outdoor,unknown,unknown,Low,9,OpenStreetMap,2026-06-09
inzira_13047685,Ruzizi,Rusizi,Western Province,-2.550447,28.8806101,Lakes & Waterways,lake,Budget,1-3 hours,Outdoor,unknown,unknown,Low,9,OpenStreetMap,2026-06-09
inzira_14458626,Pond Muhanzi,Gasabo,Kigali City,-1.9528028,30.1426042,Lakes & Waterways,lake,Budget,1-3 hours,Outdoor,unknown,unknown,Low,5,OpenStreetMap,2026-06-09
inzira_16162026,Lake Birengero,Kayonza,Eastern Province,-1.810744,30.7519215,Lakes & Waterways,lake,Budget,1-3 hours,Outdoor,unknown,unknown,Medium,9,OpenStreetMap,2026-06-09
inzira_16162028,Lake Kivumba,Gatsibo,Eastern Province,-1.712173,30.7583765,Lakes & Waterways,lake,Budget,1-3 hours,Outdoor,unknown,unknown,Medium,9,OpenStreetMap,2026-06-09
inzira_16162030,Lake Gishanju,Gatsibo,Eastern Province,-1.6144708,30.7167864,Lakes & Waterways,lake,Budget,1-3 hours,Outdoor,unknown,unknown,Medium,9,OpenStreetMap,2026-06-09
inzira_16162031,Lake Rwanyakazinga,Gatsibo,Eastern Province,-1.4636583,30.6672286,Lakes & Waterways,lake,Budget,1-3 hours,Outdoor,unknown,unknown,Medium,9,OpenStreetMap,2026-06-09
inzira_16162174,Lake Murambya,Kayonza,Eastern Province,-1.7753556,30.7685974,Lakes & Waterways,lake,Budget,1-3 hours,Outdoor,unknown,unknown,Medium,9,OpenStreetMap,2026-06-09
inzira_16162213,Lake Hago,Gatsibo,Eastern Province,-1.6765353,30.7183707,Lakes & Waterways,lake,Budget,1-3 hours,Outdoor,unknown,unknown,Medium,9,OpenStreetMap,2026-06-09
inzira_16162345,Lake Shakani,Kayonza,Eastern Province,-1.8630266,30.745226,Lakes & Waterways,lake,Budget,1-3 hours,Outdoor,unknown,unknown,Medium,9,OpenStreetMap,2026-06-09
inzira_16162370,Lake Cyambwe,Kirehe,Eastern Province,-2.0430508,30.7725584,Lakes & Waterways,lake,Budget,1-3 hours,Outdoor,unknown,unknown,Medium,9,OpenStreetMap,2026-06-09
inzira_16162398,Lake Murambi,Kayonza,Eastern Province,-1.7909805,30.7655103,Lakes & Waterways,lake,Budget,1-3 hours,Outdoor,unknown,unknown,Medium,9,OpenStreetMap,2026-06-09
inzira_16165646,Lake Nasho,Kayonza,Eastern Province,-2.0348494,30.7418179,Lakes & Waterways,lake,Budget,1-3 hours,Outdoor,unknown,unknown,Medium,9,OpenStreetMap,2026-06-09
inzira_16438055,Lake Ruhondo,Musanze,Northern Province,-1.5186212,29.7401108,Lakes & Waterways,lake,Budget,1-3 hours,Outdoor,unknown,unknown,Medium,9,OpenStreetMap,2026-06-09
inzira_17167945,Giciye,Nyabihu,Western Province,-1.7012425,29.5543891,Lakes & Waterways,lake,Budget,1-3 hours,Outdoor,unknown,unknown,Low,9,OpenStreetMap,2026-06-09
inzira_17267126,Lake Karago,Nyabihu,Western Province,-1.6303806,29.5112836,Lakes & Waterways,lake,Budget,1-3 hours,Outdoor,unknown,unknown,Medium,9,OpenStreetMap,2026-06-09
inzira_17267163,Lake Bihinga,Nyabihu,Western Province,-1.6163689,29.5275272,Lakes & Waterways,lake,Budget,1-3 hours,Outdoor,unknown,unknown,Medium,9,OpenStreetMap,2026-06-09
inzira_711261246,Echuya Central Forest Reserve,Burera,Northern Province,-1.2931395,29.8247211,Nature & Wildlife,"wildlife, nature",Budget,1-3 hours,Outdoor,unknown,unknown,Low,9,OpenStreetMap,2026-06-09
inzira_1707121,Nyungwe National Park,Nyaruguru,Southern Province,-2.5589747,29.2501997,Nature & Wildlife,"wildlife, national_park, nature",Budget,3-6 hours,Outdoor,unknown,unknown,Medium,9,OpenStreetMap,2026-06-09
inzira_1708161,Volcanoes National Park,Musanze,Northern Province,-1.4637029,29.5509791,Nature & Wildlife,"wildlife, national_park, nature",Budget,3-6 hours,Outdoor,unknown,unknown,Medium,9,OpenStreetMap,2026-06-09
inzira_15906797,Burigi Forest Reserve,Kirehe,Eastern Province,-2.2595667,31.13049,Nature & Wildlife,"wildlife, nature",Budget,1-3 hours,Outdoor,unknown,unknown,Low,9,OpenStreetMap,2026-06-09
inzira_rest_909811671,14th Avenue,Gasabo,Kigali City,-1.939212,30.125145,Food & Drink,"restaurant, european, french, fine_dining",Expensive,2-3 hours,Indoor,unknown,unknown,Medium,6,Kigali Culinary Guide,2026-06-11
inzira_rest_356974794,Zaaffran,Nyarugenge,Kigali City,-1.948112,30.067412,Food & Drink,"restaurant, indian, vegetarian, curry",Moderate,1-2 hours,Indoor,unknown,unknown,Medium,5,Kigali Culinary Guide,2026-06-11
inzira_rest_921428798,Kōzo Kigali,Gasabo,Kigali City,-1.934512,30.110212,Food & Drink,"restaurant, asian, sushi, fine_dining",Expensive,2-3 hours,Indoor,unknown,unknown,High,8,Kigali Culinary Guide,2026-06-11
inzira_rest_538125305,Fayrouz Restaurant,Gasabo,Kigali City,-1.943112,30.108612,Food & Drink,"restaurant, yemeni, middle_eastern",Moderate,1-2 hours,Indoor,unknown,unknown,Medium,7,Kigali Culinary Guide,2026-06-11
inzira_rest_120118823,Efes Cafe Bistro,Gasabo,Kigali City,-1.942412,30.129812,Food & Drink,"restaurant, turkish, mediterranean, cafe",Moderate,1-2 hours,Mixed,unknown,unknown,Medium,6,Kigali Culinary Guide,2026-06-11
inzira_rest_530092032,La Fourchette,Gasabo,Kigali City,-1.941912,30.128712,Food & Drink,"restaurant, french, international",Moderate,1-2 hours,Indoor,unknown,unknown,Medium,5,Kigali Culinary Guide,2026-06-11
inzira_rest_310634388,Choma’d Bar & Grill,Gasabo,Kigali City,-1.934114,30.109012,Food & Drink,"restaurant, barbecue, grill, burgers",Moderate,1-2 hours,Mixed,unknown,unknown,High,7,Kigali Culinary Guide,2026-06-11
inzira_rest_671105312,Mr. Chips,Nyarugenge,Kigali City,-1.946314,30.092112,Food & Drink,"restaurant, casual, fast_food, burgers",Budget,30-60 mins,Indoor,unknown,unknown,Medium,4,Kigali Culinary Guide,2026-06-11
inzira_rest_843182873,Meze Fresh,Nyarugenge,Kigali City,-1.945514,30.089012,Food & Drink,"restaurant, mexican, casual, burritos",Budget,30-60 mins,Indoor,unknown,unknown,High,5,Kigali Culinary Guide,2026-06-11
inzira_rest_870358902,Baso Patissier,Nyarugenge,Kigali City,-1.952814,30.057412,Café,"cafe, bakery, dessert, burgers",Moderate,30-60 mins,Indoor,unknown,unknown,High,6,Kigali Culinary Guide,2026-06-11
inzira_rest_679348707,Inzora Rooftop Café,Nyarugenge,Kigali City,-1.946714,30.060912,Café,"cafe, coffee, local, viewpoint",Budget,30-60 mins,Outdoor,unknown,unknown,High,8,Kigali Culinary Guide,2026-06-11
inzira_rest_537809051,Shokola Café,Gasabo,Kigali City,-1.938314,30.093312,Café,"cafe, coffee, library, viewpoint",Moderate,1-2 hours,Outdoor,unknown,unknown,Medium,7,Kigali Culinary Guide,2026-06-11
inzira_rest_562016217,Sole Luna,Gasabo,Kigali City,-1.948014,30.123812,Food & Drink,"restaurant, italian, pizza, pasta",Moderate,1-2 hours,Mixed,unknown,unknown,High,7,Kigali Culinary Guide,2026-06-11
inzira_rest_178547109,Soy Asian Table,Gasabo,Kigali City,-1.942514,30.129812,Food & Drink,"restaurant, asian, international",Expensive,1-2 hours,Indoor,unknown,unknown,High,6,Kigali Culinary Guide,2026-06-11
inzira_rest_745266638,Zen Restaurant,Gasabo,Kigali City,-1.926614,30.094712,Food & Drink,"restaurant, chinese, japanese, sushi",Expensive,1-2 hours,Indoor,unknown,unknown,High,6,Kigali Culinary Guide,2026-06-11
inzira_rest_327047774,Brachetto Restaurant,Gasabo,Kigali City,-1.942414,30.129812,Food & Drink,"restaurant, italian, fine_dining",Expensive,2-3 hours,Indoor,unknown,unknown,High,8,Kigali Culinary Guide,2026-06-11
inzira_rest_458502994,Kiseki Authentic Japanese Restaurant,Nyarugenge,Kigali City,-1.956214,30.062612,Food & Drink,"restaurant, japanese, sushi",Moderate,1-2 hours,Indoor,unknown,unknown,Medium,6,Kigali Culinary Guide,2026-06-11
inzira_rest_734996434,Java House UTC,Nyarugenge,Kigali City,-1.946114,30.061212,Café,"cafe, coffee, international, burgers",Moderate,1-2 hours,Indoor,unknown,unknown,High,5,Kigali Culinary Guide,2026-06-11
inzira_rest_413407705,Java House Heights,Gasabo,Kigali City,-1.952314,30.099012,Café,"cafe, coffee, international, burgers",Moderate,1-2 hours,Indoor,unknown,unknown,High,5,Kigali Culinary Guide,2026-06-11
inzira_rest_665850324,Camellia UTC,Nyarugenge,Kigali City,-1.945014,30.089012,Café,"cafe, coffee, local, international",Moderate,1-2 hours,Indoor,unknown,unknown,High,5,Kigali Culinary Guide,2026-06-11
inzira_rest_660737484,Camellia KBC,Gasabo,Kigali City,-1.942514,30.129812,Café,"cafe, coffee, local, international",Moderate,1-2 hours,Indoor,unknown,unknown,High,5,Kigali Culinary Guide,2026-06-11
inzira_rest_66834464,Question Coffee Gishushu,Gasabo,Kigali City,-1.952914,30.096612,Café,"cafe, coffee, local, explore",Budget,30-60 mins,Outdoor,unknown,unknown,High,8,Kigali Culinary Guide,2026-06-11
inzira_rest_770929429,L'Épicurien,Gasabo,Kigali City,-1.945314,30.103012,Food & Drink,"restaurant, french, fine_dining",Expensive,1-2 hours,Indoor,unknown,unknown,Medium,7,Kigali Culinary Guide,2026-06-11
inzira_rest_30143048,Soko Restaurant,Nyarugenge,Kigali City,-1.955514,30.060112,Food & Drink,"restaurant, international, breakfast",Expensive,1-2 hours,Indoor,unknown,unknown,Medium,6,Kigali Culinary Guide,2026-06-11
inzira_rest_710382167,Delizia Italiana,Gasabo,Kigali City,-1.943314,30.124812,Café,"cafe, ice_cream, dessert, italian",Moderate,30-60 mins,Indoor,unknown,unknown,High,5,Kigali Culinary Guide,2026-06-11
inzira_rest_321062045,Choose Kigali,Gasabo,Kigali City,-1.921114,30.113012,Food & Drink,"restaurant, fine_dining, art, viewpoint",Expensive,2-3 hours,Outdoor,unknown,unknown,Medium,9,Kigali Culinary Guide,2026-06-11
inzira_rest_788990542,Cocobean,Nyarugenge,Kigali City,-1.944114,30.062012,Food & Drink,"restaurant, rwandan, local, nightclub",Moderate,1-2 hours,Outdoor,unknown,unknown,Medium,5,Kigali Culinary Guide,2026-06-11
inzira_rest_507038769,Shami Kitchen,Kicukiro,Kigali City,-1.968814,30.119812,Food & Drink,"restaurant, local, buffet",Budget,30-60 mins,Indoor,unknown,unknown,Medium,5,Kigali Culinary Guide,2026-06-11
inzira_rest_203632427,Jollof House,Kicukiro,Kigali City,-1.961214,30.114412,Food & Drink,"restaurant, nigerian, west_african, spicy",Moderate,1-2 hours,Indoor,unknown,unknown,Medium,7,Kigali Culinary Guide,2026-06-11
